game_id,season,game_type,week,gameday,weekday,gametime,away_team,away_score,home_team,home_score,location,result,total,overtime,old_game_id,gsis,nfl_detail_id,pfr,pff,espn,ftn,away_rest,home_rest,away_moneyline,home_moneyline,spread_line,away_spread_odds,home_spread_odds,total_line,under_odds,over_odds,div_game,roof,surface,temp,wind,away_qb_id,home_qb_id,away_qb_name,home_qb_name,away_coach,home_coach,referee,stadium_id,stadium
2023_01_DET_KC,2023,REG,1,2023-09-07,Thursday,20:20,DET,21,KC,20,Home,-1,41,0,2023090700,59173,,202309070kan,,401547353,,7,7,164,-198,4.0,-110,-110,53.0,-110,-110,0,outdoors,,,,00-0033106,00-0033873,Jared Goff,Patrick Mahomes,Dan Campbell,Andy Reid,John Hussey,KAN00,GEHA Field at Arrowhead Stadium
2023_01_CAR_ATL,2023,REG,1,2023-09-10,Sunday,13:00,CAR,10,ATL,24,Home,14,34,0,2023091000,59174,,202309100atl,,401547403,,7,7,160,-192,3.5,-108,-112,40.5,-110,-110,1,closed,,,,00-0039150,00-0038122,Bryce Young,Desmond Ridder,Frank Reich,Arthur Smith,Brad Rogers,ATL97,Mercedes-Benz Stadium
2023_01_HOU_BAL,2023,REG,1,2023-09-10,Sunday,13:00,HOU,9,BAL,25,Home,16,34,0,2023091001,59175,,202309100rav,,401547396,,7,7,380,-500,9.5,-110,-110,43.5,-110,-110,0,outdoors,,,,00-0039163,00-0034796,C.J. Stroud,Lamar Jackson,DeMeco Ryans,John Harbaugh,Tra Blake,BAL00,M&T Bank Stadium
2023_01_CIN_CLE,2023,REG,1,2023-09-10,Sunday,13:00,CIN,3,CLE,24,Home,21,27,0,2023091002,59176,,202309100cle,,401547397,,7,7,-112,-108,-1.0,-105,-115,46.5,-110,-110,1,outdoors,,,,00-0036442,00-0033537,Joe Burrow,Deshaun Watson,Zac Taylor,Kevin Stefanski,Clete Blakeman,CLE00,FirstEnergy Stadium
2023_01_JAX_IND,2023,REG,1,2023-09-10,Sunday,13:00,JAX,31,IND,21,Home,-10,52,0,2023091003,59177,,202309100clt,,401547404,,7,7,-205,170,-4.0,-108,-112,45.5,-110,-110,1,closed,,,,00-0036971,00-0039164,Trevor Lawrence,Anthony Richardson,Doug Pederson,Shane Steichen,Clay Martin,IND00,Lucas Oil Stadium
2023_01_TB_MIN,2023,REG,1,2023-09-10,Sunday,13:00,TB,20,MIN,17,Home,-3,37,0,2023091004,59178,,202309100min,,401547398,,7,7,170,-205,4.0,-110,-110,45.0,-110,-110,0,dome,,,,00-0034855,00-0029604,Baker Mayfield,Kirk Cousins,Todd Bowles,Kevin O'Connell,Scott Novak,MIN01,U.S. Bank Stadium
2023_01_TEN_NO,2023,REG,1,2023-09-10,Sunday,13:00,TEN,15,NO,16,Home,1,31,0,2023091005,59179,,202309100nor,,401547399,,7,7,124,-148,3.0,-118,-102,41.0,-110,-110,0,dome,,,,00-0029701,00-0031280,Ryan Tannehill,Derek Carr,Mike Vrabel,Dennis Allen,Ron Torbert,NOR00,Mercedes-Benz Superdome
2023_01_SF_PIT,2023,REG,1,2023-09-10,Sunday,13:00,SF,30,PIT,7,Home,-23,37,0,2023091006,59180,,202309100pit,,401547405,,7,7,-120,100,-1.5,-108,-112,41.5,-110,-110,0,outdoors,,,,00-0037834,00-0038102,Brock Purdy,Kenny Pickett,Kyle Shanahan,Mike Tomlin,Alex Kemp,PIT00,Acrisure Stadium
2023_01_ARI_WAS,2023,REG,1,2023-09-10,Sunday,13:00,ARI,16,WAS,20,Home,4,36,0,2023091007,59181,,202309100was,,401547406,,7,7,270,-340,7.0,-108,-112,38.0,-110,-110,0,outdoors,,,,00-0033949,00-0037077,Joshua Dobbs,Sam Howell,Jonathan Gannon,Ron Rivera,Alan Eck,WAS00,FedExField
2023_01_GB_CHI,2023,REG,1,2023-09-10,Sunday,16:25,GB,38,CHI,20,Home,-18,58,0,2023091008,59182,,202309100chi,,401547407,,7,7,-102,-118,1.0,-110,-110,41.0,-112,-108,1,outdoors,,,,00-0036264,00-0036945,Jordan Love,Justin Fields,Matt LaFleur,Matt Eberflus,Craig Wrolstad,CHI98,Soldier Field
2023_01_LV_DEN,2023,REG,1,2023-09-10,Sunday,16:25,LV,17,DEN,16,Home,-1,33,0,2023091009,59183,,202309100den,,401547400,,7,7,136,-162,3.0,-105,-115,43.0,-110,-110,1,outdoors,,,,00-0031345,00-0029263,Jimmy Garoppolo,Russell Wilson,Josh McDaniels,Sean Payton,Bill Vinovich,DEN00,Empower Field at Mile High
2023_01_MIA_LAC,2023,REG,1,2023-09-10,Sunday,16:25,MIA,36,LAC,34,Home,-2,70,0,2023091010,59184,,202309100sdg,,401547401,,7,7,136,-162,3.0,-110,-110,50.5,-110,-110,0,dome,,,,00-0036212,00-0036355,Tua Tagovailoa,Justin Herbert,Mike McDaniel,Brandon Staley,Brad Allen,LAX01,SoFi Stadium
2023_01_PHI_NE,2023,REG,1,2023-09-10,Sunday,16:25,PHI,25,NE,20,Home,-5,45,0,2023091011,59185,,202309100nwe,,401547402,,7,7,-185,154,-3.5,-110,-110,44.5,-112,-108,0,outdoors,,,,00-0036389,00-0036972,Jalen Hurts,Mac Jones,Nick Sirianni,Bill Belichick,Shawn Hochuli,BOS00,Gillette Stadium
2023_01_LA_SEA,2023,REG,1,2023-09-10,Sunday,16:25,LA,30,SEA,13,Home,-17,43,0,2023091012,59186,,202309100sea,,401547408,,7,7,180,-218,4.5,-110,-110,45.0,-110,-110,1,outdoors,,,,00-0026498,00-0030565,Matthew Stafford,Geno Smith,Sean McVay,Pete Carroll,Shawn Smith,SEA00,Lumen Field
2023_01_DAL_NYG,2023,REG,1,2023-09-10,Sunday,20:20,DAL,40,NYG,0,Home,-40,40,0,2023091013,59187,,202309100nyg,,401547409,,7,7,-170,142,-3.5,100,-120,44.5,-110,-110,1,outdoors,,,,00-0033077,00-0035710,Dak Prescott,Daniel Jones,Mike McCarthy,Brian Daboll,Adrian Hill,NYC01,MetLife Stadium
2023_01_BUF_NYJ,2023,REG,1,2023-09-11,Monday,20:15,BUF,16,NYJ,22,Home,6,38,1,2023091100,59188,,202309110nyj,,401547352,,7,7,-135,114,-2.5,-110,-110,44.5,-110,-110,1,outdoors,,,,00-0034857,00-0023459,Josh Allen,Aaron Rodgers,Sean McDermott,Robert Saleh,Carl Cheffers,NYC01,MetLife Stadium
2023_02_MIN_PHI,2023,REG,2,2023-09-14,Thursday,20:15,MIN,28,PHI,34,Home,6,62,0,2023091400,59189,,202309140phi,,401547410,,4,4,195,-238,6.0,-110,-110,49.0,-110,-110,0,outdoors,,,,00-0029604,00-0036389,Kirk Cousins,Jalen Hurts,Kevin O'Connell,Nick Sirianni,Clay Martin,PHI00,Lincoln Financial Field
2023_02_GB_ATL,2023,REG,2,2023-09-17,Sunday,13:00,GB,24,ATL,25,Home,1,49,0,2023091700,59190,,202309170atl,,401547417,,7,7,124,-148,3.0,-115,-105,40.5,-110,-110,0,open,,,,00-0036264,00-0038122,Jordan Love,Desmond Ridder,Matt LaFleur,Arthur Smith,Tra Blake,ATL97,Mercedes-Benz Stadium
2023_02_LV_BUF,2023,REG,2,2023-09-17,Sunday,13:00,LV,10,BUF,38,Home,28,48,0,2023091701,59191,,202309170buf,,401547411,,7,6,280,-355,7.5,-110,-110,47.0,-110,-110,0,outdoors,,,,00-0031345,00-0034857,Jimmy Garoppolo,Josh Allen,Josh McDaniels,Sean McDermott,Craig Wrolstad,BUF00,New Era Field
2023_02_BAL_CIN,2023,REG,2,2023-09-17,Sunday,13:00,BAL,27,CIN,24,Home,-3,51,0,2023091702,59192,,202309170cin,,401547412,,7,7,145,-175,3.5,-118,-102,45.5,-110,-110,1,outdoors,,,,00-0034796,00-0036442,Lamar Jackson,Joe Burrow,John Harbaugh,Zac Taylor,Shawn Hochuli,CIN00,Paycor Stadium
2023_02_SEA_DET,2023,REG,2,2023-09-17,Sunday,13:00,SEA,37,DET,31,Home,-6,68,1,2023091703,59193,,202309170det,,401547418,,7,10,180,-218,4.5,-110,-110,47.5,-108,-112,0,dome,,,,00-0030565,00-0033106,Geno Smith,Jared Goff,Pete Carroll,Dan Campbell,Alex Kemp,DET00,Ford Field
2023_02_IND_HOU,2023,REG,2,2023-09-17,Sunday,13:00,IND,31,HOU,20,Home,-11,51,0,2023091704,59194,,202309170htx,,401547419,,7,7,-110,-110,-1.0,-105,-115,40.0,-110,-110,1,open,,,,00-0039164,00-0039163,Anthony Richardson,C.J. Stroud,Shane Steichen,DeMeco Ryans,Carl Cheffers,HOU00,NRG Stadium
2023_02_KC_JAX,2023,REG,2,2023-09-17,Sunday,13:00,KC,17,JAX,9,Home,-8,26,0,2023091705,59195,,202309170jax,,401547413,,10,7,-170,142,-3.5,-102,-118,50.5,-110,-110,0,outdoors,,,,00-0033873,00-0036971,Patrick Mahomes,Trevor Lawrence,Andy Reid,Doug Pederson,Adrian Hill,JAX00,TIAA Bank Stadium
2023_02_CHI_TB,2023,REG,2,2023-09-17,Sunday,13:00,CHI,17,TB,27,Home,10,44,0,2023091706,59196,,202309170tam,,401547420,,7,7,114,-135,2.5,-110,-110,41.0,-110,-110,0,outdoors,,,,00-0036945,00-0034855,Justin Fields,Baker Mayfield,Matt Eberflus,Todd Bowles,Bill Vinovich,TAM00,Raymond James Stadium
2023_02_LAC_TEN,2023,REG,2,2023-09-17,Sunday,13:00,LAC,24,TEN,27,Home,3,51,1,2023091707,59197,,202309170oti,,401547414,,7,7,-142,120,-2.5,-118,-102,45.5,-110,-110,0,outdoors,,,,00-0036355,00-0029701,Justin Herbert,Ryan Tannehill,Brandon Staley,Mike Vrabel,Alan Eck,NAS00,Nissan Stadium
2023_02_NYG_ARI,2023,REG,2,2023-09-17,Sunday,16:05,NYG,31,ARI,28,Home,-3,59,0,2023091708,59198,,202309170crd,,401547421,,7,7,-225,185,-5.0,-110,-110,40.0,-110,-110,0,closed,,,,00-0035710,00-0033949,Daniel Jones,Joshua Dobbs,Brian Daboll,Jonathan Gannon,Land Clark,PHO00,State Farm Stadium
2023_02_SF_LA,2023,REG,2,2023-09-17,Sunday,16:05,SF,30,LA,23,Home,-7,53,0,2023091709,59199,,202309170ram,,401547422,,7,7,-340,270,-7.5,-105,-115,45.0,-110,-110,1,dome,,,,00-0037834,00-0026498,Brock Purdy,Matthew Stafford,Kyle Shanahan,Sean McVay,Brad Allen,LAX01,SoFi Stadium
2023_02_NYJ_DAL,2023,REG,2,2023-09-17,Sunday,16:25,NYJ,10,DAL,30,Home,20,40,0,2023091710,59200,,202309170dal,,401547415,,6,7,300,-380,8.5,-110,-110,38.5,-110,-110,0,open,,,,00-0037013,00-0033077,Zach Wilson,Dak Prescott,Robert Saleh,Mike McCarthy,Clete Blakeman,DAL00,AT&T Stadium
2023_02_WAS_DEN,2023,REG,2,2023-09-17,Sunday,16:25,WAS,35,DEN,33,Home,-2,68,0,2023091711,59201,,202309170den,,401547416,,7,7,164,-198,4.0,-110,-110,38.5,-110,-110,0,outdoors,,,,00-0037077,00-0029263,Sam Howell,Russell Wilson,Ron Rivera,Sean Payton,Brad Rogers,DEN00,Empower Field at Mile High
2023_02_MIA_NE,2023,REG,2,2023-09-17,Sunday,20:20,MIA,24,NE,17,Home,-7,41,0,2023091712,59202,,202309170nwe,,401547423,,7,7,-130,110,-2.0,-112,-108,46.5,-112,-108,1,outdoors,,,,00-0036212,00-0036972,Tua Tagovailoa,Mac Jones,Mike McDaniel,Bill Belichick,Shawn Smith,BOS00,Gillette Stadium
2023_02_NO_CAR,2023,REG,2,2023-09-18,Monday,19:15,NO,20,CAR,17,Home,-3,37,0,2023091800,59203,,202309180car,,401547425,,8,8,-175,145,-3.0,-118,-102,39.5,-108,-112,1,outdoors,,,,00-0031280,00-0039150,Derek Carr,Bryce Young,Dennis Allen,Frank Reich,Scott Novak,CAR00,Bank of America Stadium
2023_02_CLE_PIT,2023,REG,2,2023-09-18,Monday,20:15,CLE,22,PIT,26,Home,4,48,0,2023091801,59204,,202309180pit,,401547424,,8,8,-148,124,-2.5,-115,-105,39.0,-110,-110,1,outdoors,,,,00-0033537,00-0038102,Deshaun Watson,Kenny Pickett,Kevin Stefanski,Mike Tomlin,Ron Torbert,PIT00,Acrisure Stadium
2023_03_NYG_SF,2023,REG,3,2023-09-21,Thursday,20:15,NYG,12,SF,30,Home,18,42,0,2023092100,59205,,202309210sfo,,401547426,,4,4,400,-535,10.5,-105,-115,43.5,-108,-112,0,outdoors,grass,77.0,13.0,00-0035710,00-0037834,Daniel Jones,Brock Purdy,Brian Daboll,Kyle Shanahan,Shawn Hochuli,SFO01,Levi's Stadium
2023_03_IND_BAL,2023,REG,3,2023-09-24,Sunday,13:00,IND,22,BAL,19,Home,-3,41,1,2023092400,59206,,202309240rav,,401547427,,7,7,300,-380,7.5,-110,-110,43.5,-110,-110,0,outdoors,grass,68.0,3.0,00-0035289,00-0034796,Gardner Minshew,Lamar Jackson,Shane Steichen,John Harbaugh,Clete Blakeman,BAL00,M&T Bank Stadium
2023_03_TEN_CLE,2023,REG,3,2023-09-24,Sunday,13:00,TEN,3,CLE,27,Home,24,30,0,2023092401,59207,,202309240cle,,401547428,,7,6,154,-185,3.5,-110,-110,38.0,-110,-110,0,outdoors,grass,68.0,5.0,00-0029701,00-0033537,Ryan Tannehill,Deshaun Watson,Mike Vrabel,Kevin Stefanski,Craig Wrolstad,CLE00,FirstEnergy Stadium
2023_03_ATL_DET,2023,REG,3,2023-09-24,Sunday,13:00,ATL,6,DET,20,Home,14,26,0,2023092402,59208,,202309240det,,401547433,,7,7,140,-166,3.0,100,-120,47.5,-108,-112,0,dome,fieldturf,,,00-0038122,00-0033106,Desmond Ridder,Jared Goff,Arthur Smith,Dan Campbell,Carl Cheffers,DET00,Ford Field
2023_03_NO_GB,2023,REG,3,2023-09-24,Sunday,13:00,NO,17,GB,18,Home,1,35,0,2023092403,59209,,202309240gnb,,401547434,,6,7,-125,105,-1.5,-110,-110,41.5,-110,-110,0,outdoors,grass,68.0,10.0,00-0031280,00-0036264,Derek Carr,Jordan Love,Dennis Allen,Matt LaFleur,Brad Rogers,GNB00,Lambeau Field
2023_03_HOU_JAX,2023,REG,3,2023-09-24,Sunday,13:00,HOU,37,JAX,17,Home,-20,54,0,2023092404,59210,,202309240jax,,401547435,,7,7,300,-380,7.5,-110,-110,43.5,-110,-110,1,outdoors,grass,84.0,6.0,00-0039163,00-0036971,C.J. Stroud,Trevor Lawrence,DeMeco Ryans,Doug Pederson,Scott Novak,JAX00,TIAA Bank Stadium
2023_03_DEN_MIA,2023,REG,3,2023-09-24,Sunday,13:00,DEN,20,MIA,70,Home,50,90,0,2023092405,59211,,202309240mia,,401547429,,7,7,205,-250,6.0,-110,-110,47.5,-110,-110,0,outdoors,grass,86.0,5.0,00-0029263,00-0036212,Russell Wilson,Tua Tagovailoa,Sean Payton,Mike McDaniel,Clay Martin,MIA00,Hard Rock Stadium
2023_03_LAC_MIN,2023,REG,3,2023-09-24,Sunday,13:00,LAC,28,MIN,24,Home,-4,52,0,2023092406,59212,,202309240min,,401547436,,7,10,-110,-110,1.0,-115,-105,54.0,-110,-110,0,dome,sportturf,,,00-0036355,00-0029604,Justin Herbert,Kirk Cousins,Brandon Staley,Kevin O'Connell,Shawn Smith,MIN01,U.S. Bank Stadium
2023_03_NE_NYJ,2023,REG,3,2023-09-24,Sunday,13:00,NE,15,NYJ,10,Home,-5,25,0,2023092407,59213,,202309240nyj,,401547430,,7,7,-142,120,-2.5,-112,-108,35.5,-110,-110,1,outdoors,fieldturf,64.0,14.0,00-0036972,00-0037013,Mac Jones,Zach Wilson,Bill Belichick,Robert Saleh,Bill Vinovich,NYC01,MetLife Stadium
2023_03_BUF_WAS,2023,REG,3,2023-09-24,Sunday,13:00,BUF,37,WAS,3,Home,-34,40,0,2023092408,59214,,202309240was,,401547431,,7,7,-245,200,-5.5,-115,-105,44.0,-108,-112,0,outdoors,grass,65.0,1.0,00-0034857,00-0037077,Josh Allen,Sam Howell,Sean McDermott,Ron Rivera,Land Clark,WAS00,FedExField
2023_03_CAR_SEA,2023,REG,3,2023-09-24,Sunday,16:05,CAR,27,SEA,37,Home,10,64,0,2023092409,59215,,202309240sea,,401547432,,6,7,185,-225,5.0,-110,-110,42.5,-110,-110,0,outdoors,fieldturf,61.0,2.0,00-0027973,00-0030565,Andy Dalton,Geno Smith,Frank Reich,Pete Carroll,Ron Torbert,SEA00,Lumen Field
2023_03_DAL_ARI,2023,REG,3,2023-09-24,Sunday,16:25,DAL,16,ARI,28,Home,12,44,0,2023092410,59216,,202309240crd,,401547437,,7,7,-650,470,-11.5,-110,-110,43.5,-110,-110,0,open,grass,,,00-0033077,00-0033949,Dak Prescott,Joshua Dobbs,Mike McCarthy,Jonathan Gannon,Alex Kemp,PHO00,State Farm Stadium
2023_03_CHI_KC,2023,REG,3,2023-09-24,Sunday,16:25,CHI,10,KC,41,Home,31,51,0,2023092411,59217,,202309240kan,,401547438,,7,7,525,-750,13.0,-110,-110,48.0,-110,-110,0,outdoors,grass,,,00-0036945,00-0033873,Justin Fields,Patrick Mahomes,Matt Eberflus,Andy Reid,Alan Eck,KAN00,GEHA Field at Arrowhead Stadium
2023_03_PIT_LV,2023,REG,3,2023-09-24,Sunday,20:20,PIT,23,LV,18,Home,-5,41,0,2023092412,59218,,202309240rai,,401547439,,6,7,124,-148,3.0,-110,-110,43.5,-110,-110,0,dome,grass,,,00-0038102,00-0031345,Kenny Pickett,Jimmy Garoppolo,Mike Tomlin,Josh McDaniels,Tra Blake,VEG00,Allegiant Stadium
2023_03_PHI_TB,2023,REG,3,2023-09-25,Monday,19:15,PHI,25,TB,11,Home,-14,36,0,2023092500,59219,,202309250tam,,401547440,,11,8,-258,210,-6.0,-110,-110,44.0,-108,-112,0,outdoors,grass,90.0,4.0,00-0036389,00-0034855,Jalen Hurts,Baker Mayfield,Nick Sirianni,Todd Bowles,Adrian Hill,TAM00,Raymond James Stadium
2023_03_LA_CIN,2023,REG,3,2023-09-25,Monday,20:15,LA,16,CIN,19,Home,3,35,0,2023092501,59220,,202309250cin,,401547441,,8,8,136,-162,3.0,100,-120,45.5,-108,-112,0,outdoors,fieldturf,74.0,7.0,00-0026498,00-0036442,Matthew Stafford,Joe Burrow,Sean McVay,Zac Taylor,John Hussey,CIN00,Paycor Stadium
2023_04_DET_GB,2023,REG,4,2023-09-28,Thursday,20:15,DET,34,GB,20,Home,-14,54,0,2023092800,59221,,202309280gnb,,401547442,,4,4,-142,120,-2.5,-118,-102,45.0,-110,-110,1,outdoors,grass,64.0,8.0,00-0033106,00-0036264,Jared Goff,Jordan Love,Dan Campbell,Matt LaFleur,Alan Eck,GNB00,Lambeau Field
2023_04_ATL_JAX,2023,REG,4,2023-10-01,Sunday,09:30,ATL,7,JAX,23,Neutral,16,30,0,2023100100,59222,,202310010jax,,401547227,,7,7,154,-185,3.5,-110,-110,42.5,-112,-108,0,outdoors,,,,00-0038122,00-0036971,Desmond Ridder,Trevor Lawrence,Arthur Smith,Doug Pederson,Craig Wrolstad,LON00,Wembley Stadium
2023_04_MIA_BUF,2023,REG,4,2023-10-01,Sunday,13:00,MIA,20,BUF,48,Home,28,68,0,2023100101,59223,,202310010buf,,401547443,,7,7,120,-142,2.5,100,-120,53.0,-110,-110,1,outdoors,a_turf,70.0,2.0,00-0036212,00-0034857,Tua Tagovailoa,Josh Allen,Mike McDaniel,Sean McDermott,Adrian Hill,BUF00,New Era Field
2023_04_MIN_CAR,2023,REG,4,2023-10-01,Sunday,13:00,MIN,21,CAR,13,Home,-8,34,0,2023100102,59224,,202310010car,,401547448,,7,7,-225,185,-4.5,-112,-108,46.5,-110,-110,0,outdoors,grass,78.0,7.0,00-0029604,00-0039150,Kirk Cousins,Bryce Young,Kevin O'Connell,Frank Reich,Tra Blake,CAR00,Bank of America Stadium
2023_04_DEN_CHI,2023,REG,4,2023-10-01,Sunday,13:00,DEN,31,CHI,28,Home,-3,59,0,2023100103,59225,,202310010chi,,401547444,,7,7,-162,136,-3.0,-112,-108,47.0,-110,-110,0,outdoors,grass,80.0,2.0,00-0029263,00-0036945,Russell Wilson,Justin Fields,Sean Payton,Matt Eberflus,Carl Cheffers,CHI98,Soldier Field
2023_04_BAL_CLE,2023,REG,4,2023-10-01,Sunday,13:00,BAL,28,CLE,3,Home,-25,31,0,2023100104,59226,,202310010cle,,401547445,,7,7,-135,114,-2.0,-110,-110,38.5,-110,-110,1,outdoors,grass,71.0,7.0,00-0034796,00-0038583,Lamar Jackson,Dorian Thompson-Robinson,John Harbaugh,Kevin Stefanski,Brad Allen,CLE00,FirstEnergy Stadium
2023_04_PIT_HOU,2023,REG,4,2023-10-01,Sunday,13:00,PIT,6,HOU,30,Home,24,36,0,2023100105,59227,,202310010htx,,401547446,,7,7,-162,136,-3.0,-110,-110,41.5,-110,-110,0,open,astroturf,,,00-0038102,00-0039163,Kenny Pickett,C.J. Stroud,Mike Tomlin,DeMeco Ryans,Bill Vinovich,HOU00,NRG Stadium
2023_04_LA_IND,2023,REG,4,2023-10-01,Sunday,13:00,LA,29,IND,23,Home,-6,52,1,2023100106,59228,,202310010clt,,401547449,,6,7,-115,-105,-1.0,-110,-110,44.5,-110,-110,0,open,fieldturf,,,00-0026498,00-0039164,Matthew Stafford,Anthony Richardson,Sean McVay,Shane Steichen,Land Clark,IND00,Lucas Oil Stadium
2023_04_TB_NO,2023,REG,4,2023-10-01,Sunday,13:00,TB,26,NO,9,Home,-17,35,0,2023100107,59229,,202310010nor,,401547450,,6,7,170,-205,4.0,-110,-110,41.0,-110,-110,1,dome,sportturf,,,00-0034855,00-0031280,Baker Mayfield,Derek Carr,Todd Bowles,Dennis Allen,Shawn Hochuli,NOR00,Mercedes-Benz Superdome
2023_04_WAS_PHI,2023,REG,4,2023-10-01,Sunday,13:00,WAS,31,PHI,34,Home,3,65,1,2023100108,59230,,202310010phi,,401547451,,7,6,350,-455,9.5,-110,-110,43.0,-110,-110,1,outdoors,grass,,,00-0037077,00-0036389,Sam Howell,Jalen Hurts,Ron Rivera,Nick Sirianni,Ron Torbert,PHI00,Lincoln Financial Field
2023_04_CIN_TEN,2023,REG,4,2023-10-01,Sunday,13:00,CIN,3,TEN,27,Home,24,30,0,2023100109,59231,,202310010oti,,401547452,,6,7,-162,136,-2.5,-120,100,41.5,-108,-112,0,outdoors,grass,82.0,4.0,00-0036442,00-0029701,Joe Burrow,Ryan Tannehill,Zac Taylor,Mike Vrabel,Shawn Smith,NAS00,Nissan Stadium
2023_04_LV_LAC,2023,REG,4,2023-10-01,Sunday,16:05,LV,17,LAC,24,Home,7,41,0,2023100110,59232,,202310010sdg,,401547447,,7,7,250,-310,7.0,-115,-105,49.0,-110,-110,1,dome,matrixturf,,,00-0038579,00-0036355,Aidan O'Connell,Justin Herbert,Josh McDaniels,Brandon Staley,John Hussey,LAX01,SoFi Stadium
2023_04_NE_DAL,2023,REG,4,2023-10-01,Sunday,16:25,NE,3,DAL,38,Home,35,41,0,2023100111,59233,,202310010dal,,401547453,,7,7,230,-285,6.5,-108,-112,43.0,-110,-110,0,closed,matrixturf,,,00-0036972,00-0033077,Mac Jones,Dak Prescott,Bill Belichick,Mike McCarthy,Scott Novak,DAL00,AT&T Stadium
2023_04_ARI_SF,2023,REG,4,2023-10-01,Sunday,16:25,ARI,16,SF,35,Home,19,51,0,2023100112,59234,,202310010sfo,,401547454,,7,10,700,-1100,15.0,-108,-112,44.0,-105,-115,1,outdoors,grass,75.0,9.0,00-0033949,00-0037834,Joshua Dobbs,Brock Purdy,Jonathan Gannon,Kyle Shanahan,Clete Blakeman,SFO01,Levi's Stadium
2023_04_KC_NYJ,2023,REG,4,2023-10-01,Sunday,20:20,KC,23,NYJ,20,Home,-3,43,0,2023100113,59235,,202310010nyj,,401547455,,7,7,-485,370,-9.5,-110,-110,41.5,-105,-115,0,outdoors,fieldturf,69.0,5.0,00-0033873,00-0037013,Patrick Mahomes,Zach Wilson,Andy Reid,Robert Saleh,Alex Kemp,NYC01,MetLife Stadium
2023_04_SEA_NYG,2023,REG,4,2023-10-02,Monday,20:15,SEA,24,NYG,3,Home,-21,27,0,2023100200,59236,,202310020nyg,,401547456,,8,11,-142,120,-2.5,-115,-105,46.5,-115,-105,0,outdoors,fieldturf,67.0,8.0,00-0030565,00-0035710,Geno Smith,Daniel Jones,Pete Carroll,Brian Daboll,Brad Rogers,NYC01,MetLife Stadium
2023_05_CHI_WAS,2023,REG,5,2023-10-05,Thursday,20:15,CHI,40,WAS,20,Home,-20,60,0,2023100500,59237,,202310050was,,401547457,,4,4,210,-258,6.0,-110,-110,45.5,-112,-108,0,outdoors,grass,70.0,1.0,00-0036945,00-0037077,Justin Fields,Sam Howell,Matt Eberflus,Ron Rivera,Scott Novak,WAS00,FedExField
2023_05_JAX_BUF,2023,REG,5,2023-10-08,Sunday,09:30,JAX,25,BUF,20,Neutral,-5,45,0,2023100800,59238,,202310080buf,,401547228,,7,7,205,-250,5.5,-110,-110,48.5,-108,-112,0,outdoors,,,,00-0036971,00-0034857,Trevor Lawrence,Josh Allen,Doug Pederson,Sean McDermott,Shawn Smith,LON02,Tottenham Stadium
2023_05_HOU_ATL,2023,REG,5,2023-10-08,Sunday,13:00,HOU,19,ATL,21,Home,2,40,0,2023100801,59239,,202310080atl,,401547463,,7,7,120,-142,2.5,-110,-110,42.0,-110,-110,0,open,fieldturf,,,00-0039163,00-0038122,C.J. Stroud,Desmond Ridder,DeMeco Ryans,Arthur Smith,Shawn Hochuli,ATL97,Mercedes-Benz Stadium
2023_05_CAR_DET,2023,REG,5,2023-10-08,Sunday,13:00,CAR,24,DET,42,Home,18,66,0,2023100802,59240,,202310080det,,401547464,,7,10,350,-455,9.5,-110,-110,43.5,-110,-110,0,dome,fieldturf,,,00-0039150,00-0033106,Bryce Young,Jared Goff,Frank Reich,Dan Campbell,Adrian Hill,DET00,Ford Field
2023_05_TEN_IND,2023,REG,5,2023-10-08,Sunday,13:00,TEN,16,IND,23,Home,7,39,0,2023100803,59241,,202310080clt,,401547458,,7,7,-142,120,-2.5,-110,-110,43.5,-110,-110,1,open,fieldturf,,,00-0029701,00-0039164,Ryan Tannehill,Anthony Richardson,Mike Vrabel,Shane Steichen,Brad Rogers,IND00,Lucas Oil Stadium
2023_05_NYG_MIA,2023,REG,5,2023-10-08,Sunday,13:00,NYG,16,MIA,31,Home,15,47,0,2023100804,59242,,202310080mia,,401547465,,6,7,525,-750,12.5,-110,-110,47.5,-108,-112,0,outdoors,grass,88.0,8.0,00-0035710,00-0036212,Daniel Jones,Tua Tagovailoa,Brian Daboll,Mike McDaniel,Ron Torbert,MIA00,Hard Rock Stadium
2023_05_NO_NE,2023,REG,5,2023-10-08,Sunday,13:00,NO,34,NE,0,Home,-34,34,0,2023100805,59243,,202310080nwe,,401547459,,7,7,114,-135,2.5,-110,-110,38.5,-110,-110,0,outdoors,fieldturf,61.0,10.0,00-0031280,00-0036972,Derek Carr,Mac Jones,Dennis Allen,Bill Belichick,Alex Kemp,BOS00,Gillette Stadium
2023_05_BAL_PIT,2023,REG,5,2023-10-08,Sunday,13:00,BAL,10,PIT,17,Home,7,27,0,2023100806,59244,,202310080pit,,401547460,,7,7,-230,190,-4.5,-112,-108,38.5,-110,-110,1,outdoors,grass,53.0,13.0,00-0034796,00-0038102,Lamar Jackson,Kenny Pickett,John Harbaugh,Mike Tomlin,Carl Cheffers,PIT00,Acrisure Stadium
2023_05_CIN_ARI,2023,REG,5,2023-10-08,Sunday,16:05,CIN,34,ARI,20,Home,-14,54,0,2023100807,59245,,202310080crd,,401547466,,7,7,-170,142,-3.0,-120,100,45.5,-110,-110,0,closed,grass,,,00-0036442,00-0033949,Joe Burrow,Joshua Dobbs,Zac Taylor,Jonathan Gannon,Clay Martin,PHO00,State Farm Stadium
2023_05_PHI_LA,2023,REG,5,2023-10-08,Sunday,16:05,PHI,23,LA,14,Home,-9,37,0,2023100808,59246,,202310080ram,,401547467,,7,7,-192,160,-3.5,-110,-110,50.5,-110,-110,0,dome,matrixturf,,,00-0036389,00-0026498,Jalen Hurts,Matthew Stafford,Nick Sirianni,Sean McVay,Bill Vinovich,LAX01,SoFi Stadium
2023_05_NYJ_DEN,2023,REG,5,2023-10-08,Sunday,16:25,NYJ,31,DEN,21,Home,-10,52,0,2023100809,59247,,202310080den,,401547461,,7,7,114,-135,2.5,-110,-110,42.5,-110,-110,0,outdoors,grass,73.0,9.0,00-0037013,00-0029263,Zach Wilson,Russell Wilson,Robert Saleh,Sean Payton,John Hussey,DEN00,Empower Field at Mile High
2023_05_KC_MIN,2023,REG,5,2023-10-08,Sunday,16:25,KC,27,MIN,20,Home,-7,47,0,2023100810,59248,,202310080min,,401547462,,7,7,-180,150,-3.5,-105,-115,52.5,-110,-110,0,dome,sportturf,,,00-0033873,00-0029604,Patrick Mahomes,Kirk Cousins,Andy Reid,Kevin O'Connell,Land Clark,MIN01,U.S. Bank Stadium
2023_05_DAL_SF,2023,REG,5,2023-10-08,Sunday,20:20,DAL,10,SF,42,Home,32,52,0,2023100811,59249,,202310080sfo,,401547354,,7,7,150,-180,3.5,-115,-105,45.0,-105,-115,0,outdoors,grass,78.0,10.0,00-0033077,00-0037834,Dak Prescott,Brock Purdy,Mike McCarthy,Kyle Shanahan,Alan Eck,SFO01,Levi's Stadium
2023_05_GB_LV,2023,REG,5,2023-10-09,Monday,20:15,GB,13,LV,17,Home,4,30,0,2023100900,59250,,202310090rai,,401547468,,11,8,-102,-118,1.0,-110,-110,45.0,-110,-110,0,dome,grass,,,00-0036264,00-0031345,Jordan Love,Jimmy Garoppolo,Matt LaFleur,Josh McDaniels,Alan Eck,VEG00,Allegiant Stadium
2023_06_DEN_KC,2023,REG,6,2023-10-12,Thursday,20:15,DEN,8,KC,19,Home,11,27,0,2023101200,59251,,202310120kan,,401547469,,4,4,470,-650,10.5,-108,-112,47.5,-112,-108,1,outdoors,grass,,,00-0029263,00-0033873,Russell Wilson,Patrick Mahomes,Sean Payton,Andy Reid,Shawn Hochuli,KAN00,GEHA Field at Arrowhead Stadium
2023_06_BAL_TEN,2023,REG,6,2023-10-15,Sunday,09:30,BAL,24,TEN,16,Neutral,-8,40,0,2023101500,59252,,202310150oti,,401547229,,7,7,-250,205,-5.5,-112,-108,42.5,-110,-110,0,outdoors,,,,00-0034796,00-0029701,Lamar Jackson,Ryan Tannehill,John Harbaugh,Mike Vrabel,Bill Vinovich,LON02,Tottenham Stadium
2023_06_WAS_ATL,2023,REG,6,2023-10-15,Sunday,13:00,WAS,24,ATL,16,Home,-8,40,0,2023101501,59253,,202310150atl,,401547470,,10,7,105,-125,1.5,-108,-112,42.0,-110,-110,0,closed,fieldturf,,,00-0037077,00-0038122,Sam Howell,Desmond Ridder,Ron Rivera,Arthur Smith,Clete Blakeman,ATL97,Mercedes-Benz Stadium
2023_06_MIN_CHI,2023,REG,6,2023-10-15,Sunday,13:00,MIN,19,CHI,13,Home,-6,32,0,2023101502,59254,,202310150chi,,401547475,,7,10,-166,140,-3.0,-115,-105,44.5,-112,-108,1,outdoors,grass,53.0,16.0,00-0029604,00-0036945,Kirk Cousins,Justin Fields,Kevin O'Connell,Matt Eberflus,Brad Allen,CHI98,Soldier Field
2023_06_SEA_CIN,2023,REG,6,2023-10-15,Sunday,13:00,SEA,13,CIN,17,Home,4,30,0,2023101503,59255,,202310150cin,,401547471,,13,7,130,-155,3.0,-112,-108,45.5,-108,-112,0,outdoors,fieldturf,57.0,15.0,00-0030565,00-0036442,Geno Smith,Joe Burrow,Pete Carroll,Zac Taylor,Adrian Hill,CIN00,Paycor Stadium
2023_06_SF_CLE,2023,REG,6,2023-10-15,Sunday,13:00,SF,17,CLE,19,Home,2,36,0,2023101504,59256,,202310150cle,,401547476,,7,14,-470,360,-9.5,-115,-105,36.0,-110,-110,0,outdoors,grass,53.0,15.0,00-0037834,00-0033275,Brock Purdy,Phillip Walker,Kyle Shanahan,Kevin Stefanski,John Hussey,CLE00,FirstEnergy Stadium
2023_06_NO_HOU,2023,REG,6,2023-10-15,Sunday,13:00,NO,13,HOU,20,Home,7,33,0,2023101505,59257,,202310150htx,,401547477,,7,7,-130,110,-2.0,-110,-110,42.5,-112,-108,0,closed,astroturf,,,00-0031280,00-0039163,Derek Carr,C.J. Stroud,Dennis Allen,DeMeco Ryans,Alan Eck,HOU00,NRG Stadium
2023_06_IND_JAX,2023,REG,6,2023-10-15,Sunday,13:00,IND,20,JAX,37,Home,17,57,0,2023101506,59258,,202310150jax,,401547472,,7,7,170,-205,4.0,-110,-110,44.0,-110,-110,1,outdoors,grass,,,00-0035289,00-0036971,Gardner Minshew,Trevor Lawrence,Shane Steichen,Doug Pederson,Alex Kemp,JAX00,TIAA Bank Stadium
2023_06_CAR_MIA,2023,REG,6,2023-10-15,Sunday,13:00,CAR,21,MIA,42,Home,21,63,0,2023101507,59259,,202310150mia,,401547473,,7,7,700,-1100,14.0,-110,-110,47.5,-112,-108,0,outdoors,grass,87.0,12.0,00-0039150,00-0036212,Bryce Young,Tua Tagovailoa,Frank Reich,Mike McDaniel,Craig Wrolstad,MIA00,Hard Rock Stadium
2023_06_NE_LV,2023,REG,6,2023-10-15,Sunday,16:05,NE,17,LV,21,Home,4,38,0,2023101509,59261,,202310150rai,,401547474,,7,6,124,-148,3.0,-118,-102,41.5,-110,-110,0,dome,grass,,,00-0036972,00-0031345,Mac Jones,Jimmy Garoppolo,Bill Belichick,Josh McDaniels,Brad Rogers,VEG00,Allegiant Stadium
2023_06_ARI_LA,2023,REG,6,2023-10-15,Sunday,16:25,ARI,9,LA,26,Home,17,35,0,2023101510,59262,,202310150ram,,401547479,,7,7,270,-340,7.0,-105,-115,48.0,-110,-110,1,dome,matrixturf,,,00-0033949,00-0026498,Joshua Dobbs,Matthew Stafford,Jonathan Gannon,Sean McVay,Ron Torbert,LAX01,SoFi Stadium
2023_06_PHI_NYJ,2023,REG,6,2023-10-15,Sunday,16:25,PHI,14,NYJ,20,Home,6,34,0,2023101511,59263,,202310150nyj,,401547480,,7,7,-305,245,-6.5,-115,-105,43.0,-105,-115,0,outdoors,fieldturf,59.0,11.0,00-0036389,00-0037013,Jalen Hurts,Zach Wilson,Nick Sirianni,Robert Saleh,Scott Novak,NYC01,MetLife Stadium
2023_06_DET_TB,2023,REG,6,2023-10-15,Sunday,16:25,DET,20,TB,6,Home,-14,26,0,2023101508,59260,,202310150tam,,401547478,,7,14,-162,136,-3.0,-115,-105,43.5,-112,-108,0,outdoors,grass,77.0,13.0,00-0033106,00-0034855,Jared Goff,Baker Mayfield,Dan Campbell,Todd Bowles,Clay Martin,TAM00,Raymond James Stadium
2023_06_NYG_BUF,2023,REG,6,2023-10-15,Sunday,20:20,NYG,9,BUF,14,Home,5,23,0,2023101512,59264,,202310150buf,,401547481,,7,7,750,-1200,15.5,-110,-110,43.5,-110,-110,0,outdoors,a_turf,46.0,7.0,00-0028118,00-0034857,Tyrod Taylor,Josh Allen,Brian Daboll,Sean McDermott,Tra Blake,BUF00,New Era Field
2023_06_DAL_LAC,2023,REG,6,2023-10-16,Monday,20:15,DAL,20,LAC,17,Home,-3,37,0,2023101600,59265,,202310160sdg,,401547482,,8,15,-130,110,-1.5,-112,-108,49.5,-108,-112,0,dome,matrixturf,,,00-0033077,00-0036355,Dak Prescott,Justin Herbert,Mike McCarthy,Brandon Staley,Land Clark,LAX01,SoFi Stadium
2023_07_JAX_NO,2023,REG,7,2023-10-19,Thursday,20:15,JAX,31,NO,24,Home,-7,55,0,2023101900,59266,,202310190nor,,401547483,,4,4,124,-148,2.5,-108,-112,41.0,-110,-110,0,dome,sportturf,,,00-0036971,00-0031280,Trevor Lawrence,Derek Carr,Doug Pederson,Dennis Allen,Land Clark,NOR00,Mercedes-Benz Superdome
2023_07_DET_BAL,2023,REG,7,2023-10-22,Sunday,13:00,DET,6,BAL,38,Home,32,44,0,2023102200,59267,,202310220rav,,401547489,,7,7,136,-162,3.0,-105,-115,43.5,-108,-112,0,outdoors,grass,62.0,16.0,00-0033106,00-0034796,Jared Goff,Lamar Jackson,Dan Campbell,John Harbaugh,Brad Rogers,BAL00,M&T Bank Stadium
2023_07_LV_CHI,2023,REG,7,2023-10-22,Sunday,13:00,LV,12,CHI,30,Home,18,42,0,2023102201,59268,,202310220chi,,401547490,,7,7,-142,120,-2.5,-110,-110,38.5,-110,-110,0,outdoors,grass,52.0,8.0,00-0026625,00-0038416,Brian Hoyer,Tyson Bagent,Josh McDaniels,Matt Eberflus,Clay Martin,CHI98,Soldier Field
2023_07_CLE_IND,2023,REG,7,2023-10-22,Sunday,13:00,CLE,39,IND,38,Home,-1,77,0,2023102202,59269,,202310220clt,,401547484,,7,7,-180,150,-3.5,-108,-112,40.0,-110,-110,0,open,fieldturf,,,00-0033537,00-0035289,Deshaun Watson,Gardner Minshew,Kevin Stefanski,Shane Steichen,Shawn Smith,IND00,Lucas Oil Stadium
2023_07_BUF_NE,2023,REG,7,2023-10-22,Sunday,13:00,BUF,25,NE,29,Home,4,54,0,2023102203,59270,,202310220nwe,,401547485,,7,7,-395,310,-7.5,-110,-110,41.0,-110,-110,1,outdoors,fieldturf,55.0,13.0,00-0034857,00-0036972,Josh Allen,Mac Jones,Sean McDermott,Bill Belichick,Clete Blakeman,BOS00,Gillette Stadium
2023_07_WAS_NYG,2023,REG,7,2023-10-22,Sunday,13:00,WAS,7,NYG,14,Home,7,21,0,2023102204,59271,,202310220nyg,,401547486,,7,7,-162,136,-3.0,-108,-112,37.0,-112,-108,1,outdoors,fieldturf,54.0,14.0,00-0037077,00-0028118,Sam Howell,Tyrod Taylor,Ron Rivera,Brian Daboll,John Hussey,NYC01,MetLife Stadium
2023_07_ATL_TB,2023,REG,7,2023-10-22,Sunday,13:00,ATL,16,TB,13,Home,-3,29,0,2023102205,59272,,202310220tam,,401547491,,7,7,124,-148,3.0,-115,-105,37.5,-115,-105,1,outdoors,grass,79.0,3.0,00-0038122,00-0034855,Desmond Ridder,Baker Mayfield,Arthur Smith,Todd Bowles,Ron Torbert,TAM00,Raymond James Stadium
2023_07_PIT_LA,2023,REG,7,2023-10-22,Sunday,16:05,PIT,24,LA,17,Home,-7,41,0,2023102206,59273,,202310220ram,,401547492,,14,7,145,-175,3.5,-118,-102,44.0,-112,-108,0,dome,matrixturf,,,00-0038102,00-0026498,Kenny Pickett,Matthew Stafford,Mike Tomlin,Sean McVay,Craig Wrolstad,LAX01,SoFi Stadium
2023_07_ARI_SEA,2023,REG,7,2023-10-22,Sunday,16:05,ARI,10,SEA,20,Home,10,30,0,2023102207,59274,,202310220sea,,401547493,,7,7,350,-455,9.5,-112,-108,43.5,-110,-110,1,outdoors,fieldturf,56.0,5.0,00-0033949,00-0030565,Joshua Dobbs,Geno Smith,Jonathan Gannon,Pete Carroll,Scott Novak,SEA00,Lumen Field
2023_07_GB_DEN,2023,REG,7,2023-10-22,Sunday,16:25,GB,17,DEN,19,Home,2,36,0,2023102208,59275,,202310220den,,401547487,,13,10,-102,-118,1.5,-112,-108,44.0,-110,-110,0,outdoors,grass,72.0,9.0,00-0036264,00-0029263,Jordan Love,Russell Wilson,Matt LaFleur,Sean Payton,Alex Kemp,DEN00,Empower Field at Mile High
2023_07_LAC_KC,2023,REG,7,2023-10-22,Sunday,16:25,LAC,17,KC,31,Home,14,48,0,2023102209,59276,,202310220kan,,401547488,,6,10,215,-265,5.5,-105,-115,48.5,-108,-112,1,outdoors,grass,72.0,10.0,00-0036355,00-0033873,Justin Herbert,Patrick Mahomes,Brandon Staley,Andy Reid,Tra Blake,KAN00,GEHA Field at Arrowhead Stadium
2023_07_MIA_PHI,2023,REG,7,2023-10-22,Sunday,20:20,MIA,17,PHI,31,Home,14,48,0,2023102210,59277,,202310220phi,,401547494,,7,7,130,-155,3.0,-112,-108,52.0,-110,-110,0,outdoors,grass,55.0,17.0,00-0036212,00-0036389,Tua Tagovailoa,Jalen Hurts,Mike McDaniel,Nick Sirianni,Brad Allen,PHI00,Lincoln Financial Field
2023_07_SF_MIN,2023,REG,7,2023-10-23,Monday,20:15,SF,17,MIN,22,Home,5,39,0,2023102300,59278,,202310230min,,401547495,,8,8,-325,260,-7.0,-105,-115,44.5,-110,-110,0,dome,sportturf,,,00-0037834,00-0029604,Brock Purdy,Kirk Cousins,Kyle Shanahan,Kevin O'Connell,Carl Cheffers,MIN01,U.S. Bank Stadium
2023_08_TB_BUF,2023,REG,8,2023-10-26,Thursday,20:15,TB,18,BUF,24,Home,6,42,0,2023102600,59279,,202310260buf,,401547496,,4,4,370,-485,10.0,-112,-108,43.0,-110,-110,0,outdoors,a_turf,66.0,10.0,00-0034855,00-0034857,Baker Mayfield,Josh Allen,Todd Bowles,Sean McDermott,Scott Novak,BUF00,New Era Field
2023_08_HOU_CAR,2023,REG,8,2023-10-29,Sunday,13:00,HOU,13,CAR,15,Home,2,28,0,2023102900,59280,,202310290car,,401547504,,14,14,-162,136,-3.0,-118,-102,43.0,-110,-110,0,outdoors,grass,77.0,14.0,00-0039163,00-0039150,C.J. Stroud,Bryce Young,DeMeco Ryans,Frank Reich,John Hussey,CAR00,Bank of America Stadium
2023_08_LA_DAL,2023,REG,8,2023-10-29,Sunday,13:00,LA,20,DAL,43,Home,23,63,0,2023102901,59281,,202310290dal,,401547505,,7,13,250,-310,6.5,-105,-115,44.5,-110,-110,0,closed,matrixturf,,,00-0026498,00-0033077,Matthew Stafford,Dak Prescott,Sean McVay,Mike McCarthy,Adrian Hill,DAL00,AT&T Stadium
2023_08_MIN_GB,2023,REG,8,2023-10-29,Sunday,13:00,MIN,24,GB,10,Home,-14,34,0,2023102902,59282,,202310290gnb,,401547506,,6,7,-112,-108,-1.0,-108,-112,41.5,-108,-112,1,outdoors,grass,39.0,8.0,00-0029604,00-0036264,Kirk Cousins,Jordan Love,Kevin O'Connell,Matt LaFleur,Shawn Hochuli,GNB00,Lambeau Field
2023_08_NO_IND,2023,REG,8,2023-10-29,Sunday,13:00,NO,38,IND,27,Home,-11,65,0,2023102903,59283,,202310290clt,,401547507,,10,7,-130,110,-2.0,-110,-110,43.5,-110,-110,0,closed,fieldturf,,,00-0031280,00-0035289,Derek Carr,Gardner Minshew,Dennis Allen,Shane Steichen,Craig Wrolstad,IND00,Lucas Oil Stadium
2023_08_NE_MIA,2023,REG,8,2023-10-29,Sunday,13:00,NE,17,MIA,31,Home,14,48,0,2023102904,59284,,202310290mia,,401547497,,7,7,300,-380,7.5,-110,-110,46.5,-110,-110,1,outdoors,grass,83.0,17.0,00-0036972,00-0036212,Mac Jones,Tua Tagovailoa,Bill Belichick,Mike McDaniel,Land Clark,MIA00,Hard Rock Stadium
2023_08_NYJ_NYG,2023,REG,8,2023-10-29,Sunday,13:00,NYJ,13,NYG,10,Home,-3,23,1,2023102905,59285,,202310290nyg,,401547498,,14,7,-162,136,-3.0,-115,-105,35.0,-112,-108,0,outdoors,fieldturf,52.0,6.0,00-0037013,00-0028118,Zach Wilson,Tyrod Taylor,Robert Saleh,Brian Daboll,Shawn Smith,NYC01,MetLife Stadium
2023_08_JAX_PIT,2023,REG,8,2023-10-29,Sunday,13:00,JAX,20,PIT,10,Home,-10,30,0,2023102906,59286,,202310290pit,,401547499,,10,7,-135,114,-2.5,-110,-110,41.0,-110,-110,0,outdoors,grass,58.0,2.0,00-0036971,00-0038102,Trevor Lawrence,Kenny Pickett,Doug Pederson,Mike Tomlin,Alan Eck,PIT00,Acrisure Stadium
2023_08_ATL_TEN,2023,REG,8,2023-10-29,Sunday,13:00,ATL,23,TEN,28,Home,5,51,0,2023102907,59287,,202310290oti,,401547500,,7,14,-130,110,-2.5,-110,-110,35.0,-110,-110,0,outdoors,grass,77.0,7.0,00-0038122,00-0039152,Desmond Ridder,Will Levis,Arthur Smith,Mike Vrabel,Clay Martin,NAS00,Nissan Stadium
2023_08_PHI_WAS,2023,REG,8,2023-10-29,Sunday,13:00,PHI,38,WAS,31,Home,-7,69,0,2023102908,59288,,202310290was,,401547508,,7,7,-305,245,-7.0,-110,-110,42.5,-110,-110,1,outdoors,grass,69.0,4.0,00-0036389,00-0037077,Jalen Hurts,Sam Howell,Nick Sirianni,Ron Rivera,Carl Cheffers,WAS00,FedExField
2023_08_CLE_SEA,2023,REG,8,2023-10-29,Sunday,16:05,CLE,20,SEA,24,Home,4,44,0,2023102909,59289,,202310290sea,,401547509,,7,7,164,-198,4.0,-110,-110,39.5,-112,-108,0,outdoors,fieldturf,47.0,3.0,00-0033275,00-0030565,Phillip Walker,Geno Smith,Kevin Stefanski,Pete Carroll,Bill Vinovich,SEA00,Lumen Field
2023_08_BAL_ARI,2023,REG,8,2023-10-29,Sunday,16:25,BAL,31,ARI,24,Home,-7,55,0,2023102910,59290,,202310290crd,,401547501,,7,7,-500,380,-9.5,-110,-110,44.5,-110,-110,0,closed,grass,,,00-0034796,00-0033949,Lamar Jackson,Joshua Dobbs,John Harbaugh,Jonathan Gannon,Tra Blake,PHO00,State Farm Stadium
2023_08_KC_DEN,2023,REG,8,2023-10-29,Sunday,16:25,KC,9,DEN,24,Home,15,33,0,2023102911,59291,,202310290den,,401547502,,7,7,-340,270,-7.0,-102,-118,45.5,-110,-110,1,outdoors,grass,26.0,7.0,00-0033873,00-0029263,Patrick Mahomes,Russell Wilson,Andy Reid,Sean Payton,Brad Allen,DEN00,Empower Field at Mile High
2023_08_CIN_SF,2023,REG,8,2023-10-29,Sunday,16:25,CIN,31,SF,17,Home,-14,48,0,2023102912,59292,,202310290sfo,,401547503,,14,6,170,-205,4.0,-105,-115,44.0,-110,-110,0,outdoors,grass,74.0,10.0,00-0036442,00-0037834,Joe Burrow,Brock Purdy,Zac Taylor,Kyle Shanahan,Ron Torbert,SFO01,Levi's Stadium
2023_08_CHI_LAC,2023,REG,8,2023-10-29,Sunday,20:20,CHI,13,LAC,30,Home,17,43,0,2023102913,59293,,202310290sdg,,401547510,,7,7,340,-440,9.5,-108,-112,46.0,-112,-108,0,dome,matrixturf,,,00-0038416,00-0036355,Tyson Bagent,Justin Herbert,Matt Eberflus,Brandon Staley,Brad Rogers,LAX01,SoFi Stadium
2023_08_LV_DET,2023,REG,8,2023-10-30,Monday,20:15,LV,14,DET,26,Home,12,40,0,2023103000,59294,,202310300det,,401547511,,8,8,270,-340,7.0,-110,-110,46.0,-110,-110,0,dome,fieldturf,,,00-0031345,00-0033106,Jimmy Garoppolo,Jared Goff,Josh McDaniels,Dan Campbell,Clete Blakeman,DET00,Ford Field
2023_09_TEN_PIT,2023,REG,9,2023-11-02,Thursday,20:15,TEN,16,PIT,20,Home,4,36,0,2023110200,59295,,202311020pit,,401547512,,4,4,145,-175,3.5,-120,100,37.0,-108,-112,0,outdoors,grass,40.0,5.0,00-0039152,00-0038102,Will Levis,Kenny Pickett,Mike Vrabel,Mike Tomlin,John Hussey,PIT00,Acrisure Stadium
2023_09_MIA_KC,2023,REG,9,2023-11-05,Sunday,09:30,MIA,14,KC,21,Neutral,7,35,0,2023110500,59296,,202311050kan,,401547230,,7,7,-105,-115,1.0,-112,-108,51.0,-108,-112,0,outdoors,grass,,,00-0036212,00-0033873,Tua Tagovailoa,Patrick Mahomes,Mike McDaniel,Andy Reid,Clay Martin,FRA00,Deutsche Bank Park
2023_09_MIN_ATL,2023,REG,9,2023-11-05,Sunday,13:00,MIN,31,ATL,28,Home,-3,59,0,2023110501,59297,,202311050atl,,401547518,,7,7,160,-192,3.5,-108,-112,38.5,-112,-108,0,open,fieldturf,,,00-0038598,00-0031800,Jaren Hall,Taylor Heinicke,Kevin O'Connell,Arthur Smith,Shawn Smith,ATL97,Mercedes-Benz Stadium
2023_09_SEA_BAL,2023,REG,9,2023-11-05,Sunday,13:00,SEA,3,BAL,37,Home,34,40,0,2023110502,59298,,202311050rav,,401547513,,7,7,220,-270,6.0,-110,-110,44.5,-112,-108,0,outdoors,grass,70.0,6.0,00-0030565,00-0034796,Geno Smith,Lamar Jackson,Pete Carroll,John Harbaugh,Shawn Hochuli,BAL00,M&T Bank Stadium
2023_09_ARI_CLE,2023,REG,9,2023-11-05,Sunday,13:00,ARI,0,CLE,27,Home,27,27,0,2023110503,59299,,202311050cle,,401547514,,7,7,525,-750,13.0,-112,-108,38.0,-110,-110,0,outdoors,grass,56.0,7.0,00-0038582,00-0033537,Clayton Tune,Deshaun Watson,Jonathan Gannon,Kevin Stefanski,Carl Cheffers,CLE00,FirstEnergy Stadium
2023_09_LA_GB,2023,REG,9,2023-11-05,Sunday,13:00,LA,3,GB,20,Home,17,23,0,2023110504,59300,,202311050gnb,,401547519,,7,7,160,-198,3.5,-108,-112,38.0,-112,-108,0,outdoors,grass,51.0,8.0,00-0034955,00-0036264,Brett Rypien,Jordan Love,Sean McVay,Matt LaFleur,Clete Blakeman,GNB00,Lambeau Field
2023_09_TB_HOU,2023,REG,9,2023-11-05,Sunday,13:00,TB,37,HOU,39,Home,2,76,0,2023110505,59301,,202311050htx,,401547515,,10,7,124,-148,2.5,100,-120,39.5,-110,-110,0,closed,astroturf,,,00-0034855,00-0039163,Baker Mayfield,C.J. Stroud,Todd Bowles,DeMeco Ryans,Land Clark,HOU00,NRG Stadium
2023_09_WAS_NE,2023,REG,9,2023-11-05,Sunday,13:00,WAS,20,NE,17,Home,-3,37,0,2023110506,59302,,202311050nwe,,401547520,,7,7,130,-155,2.5,100,-120,40.5,-110,-110,0,outdoors,fieldturf,62.0,6.0,00-0037077,00-0036972,Sam Howell,Mac Jones,Ron Rivera,Bill Belichick,Adrian Hill,BOS00,Gillette Stadium
2023_09_CHI_NO,2023,REG,9,2023-11-05,Sunday,13:00,CHI,17,NO,24,Home,7,41,0,2023110507,59303,,202311050nor,,401547516,,7,7,340,-440,9.0,-108,-112,42.0,-110,-110,0,dome,sportturf,,,00-0038416,00-0031280,Tyson Bagent,Derek Carr,Matt Eberflus,Dennis Allen,Ron Torbert,NOR00,Mercedes-Benz Superdome
2023_09_IND_CAR,2023,REG,9,2023-11-05,Sunday,16:05,IND,27,CAR,13,Home,-14,40,0,2023110508,59304,,202311050car,,401547517,,7,7,-130,110,-1.5,-108,-112,45.0,-110,-110,0,outdoors,grass,75.0,2.0,00-0035289,00-0039150,Gardner Minshew,Bryce Young,Shane Steichen,Frank Reich,Bill Vinovich,CAR00,Bank of America Stadium
2023_09_NYG_LV,2023,REG,9,2023-11-05,Sunday,16:25,NYG,6,LV,30,Home,24,36,0,2023110509,59305,,202311050rai,,401547521,,7,6,-102,-118,1.0,-110,-110,38.5,-112,-108,0,dome,grass,,,00-0035710,00-0038579,Daniel Jones,Aidan O'Connell,Brian Daboll,Antonio Pierce,Alan Eck,VEG00,Allegiant Stadium
2023_09_DAL_PHI,2023,REG,9,2023-11-05,Sunday,16:25,DAL,23,PHI,28,Home,5,51,0,2023110510,59306,,202311050phi,,401547522,,7,7,145,-175,3.5,-118,-102,46.5,-110,-110,1,outdoors,grass,64.0,6.0,00-0033077,00-0036389,Dak Prescott,Jalen Hurts,Mike McCarthy,Nick Sirianni,Tra Blake,PHI00,Lincoln Financial Field
2023_09_BUF_CIN,2023,REG,9,2023-11-05,Sunday,20:20,BUF,18,CIN,24,Home,6,42,0,2023110511,59307,,202311050cin,,401547523,,10,7,105,-125,1.5,-108,-112,51.0,-110,-110,0,outdoors,fieldturf,51.0,5.0,00-0034857,00-0036442,Josh Allen,Joe Burrow,Sean McDermott,Zac Taylor,Alex Kemp,CIN00,Paycor Stadium
2023_09_LAC_NYJ,2023,REG,9,2023-11-06,Monday,20:15,LAC,27,NYJ,6,Home,-21,33,0,2023110600,59308,,202311060nyj,,401547524,,8,8,-170,142,-3.0,-118,-102,41.0,-110,-110,0,outdoors,fieldturf,48.0,4.0,00-0036355,00-0037013,Justin Herbert,Zach Wilson,Brandon Staley,Robert Saleh,Craig Wrolstad,NYC01,MetLife Stadium
2023_10_CAR_CHI,2023,REG,10,2023-11-09,Thursday,20:15,CAR,13,CHI,16,Home,3,29,0,2023110900,59309,,202311090chi,,401547525,,4,4,150,-180,3.0,100,-120,38.0,-105,-115,0,outdoors,grass,51.0,8.0,00-0039150,00-0038416,Bryce Young,Tyson Bagent,Frank Reich,Matt Eberflus,Clete Blakeman,CHI98,Soldier Field
2023_10_IND_NE,2023,REG,10,2023-11-12,Sunday,09:30,IND,10,NE,6,Neutral,-4,16,0,2023111200,59310,,202311120nwe,,401547231,,7,7,-118,-102,-1.0,-110,-110,42.0,-110,-110,0,outdoors,grass,,,00-0035289,00-0036972,Gardner Minshew,Mac Jones,Shane Steichen,Bill Belichick,Tra Blake,FRA00,Deutsche Bank Park
2023_10_CLE_BAL,2023,REG,10,2023-11-12,Sunday,13:00,CLE,33,BAL,31,Home,-2,64,0,2023111201,59311,,202311120rav,,401547531,,7,7,210,-258,6.0,-112,-108,38.5,-108,-112,1,outdoors,grass,49.0,4.0,00-0033537,00-0034796,Deshaun Watson,Lamar Jackson,Kevin Stefanski,John Harbaugh,Land Clark,BAL00,M&T Bank Stadium
2023_10_HOU_CIN,2023,REG,10,2023-11-12,Sunday,13:00,HOU,30,CIN,27,Home,-3,57,0,2023111202,59312,,202311120cin,,401547526,,7,7,205,-250,5.5,-110,-110,46.0,-110,-110,0,outdoors,fieldturf,56.0,6.0,00-0039163,00-0036442,C.J. Stroud,Joe Burrow,DeMeco Ryans,Zac Taylor,Carl Cheffers,CIN00,Paycor Stadium
2023_10_SF_JAX,2023,REG,10,2023-11-12,Sunday,13:00,SF,34,JAX,3,Home,-31,37,0,2023111203,59313,,202311120jax,,401547532,,14,14,-170,142,-3.0,-112,-108,44.5,-112,-108,0,outdoors,grass,59.0,11.0,00-0037834,00-0036971,Brock Purdy,Trevor Lawrence,Kyle Shanahan,Doug Pederson,Brad Allen,JAX00,TIAA Bank Stadium
2023_10_NO_MIN,2023,REG,10,2023-11-12,Sunday,13:00,NO,19,MIN,27,Home,8,46,0,2023111204,59314,,202311120min,,401547533,,7,7,-155,130,-3.0,-105,-115,41.0,-112,-108,0,dome,sportturf,,,00-0031280,00-0033949,Derek Carr,Joshua Dobbs,Dennis Allen,Kevin O'Connell,Adrian Hill,MIN01,U.S. Bank Stadium
2023_10_GB_PIT,2023,REG,10,2023-11-12,Sunday,13:00,GB,19,PIT,23,Home,4,42,0,2023111205,59315,,202311120pit,,401547527,,7,10,140,-166,3.0,100,-120,38.5,-112,-108,0,outdoors,grass,50.0,5.0,00-0036264,00-0038102,Jordan Love,Kenny Pickett,Matt LaFleur,Mike Tomlin,Scott Novak,PIT00,Acrisure Stadium
2023_10_TEN_TB,2023,REG,10,2023-11-12,Sunday,13:00,TEN,6,TB,20,Home,14,26,0,2023111206,59316,,202311120tam,,401547528,,10,7,120,-142,2.5,-105,-115,39.5,-110,-110,0,outdoors,grass,85.0,6.0,00-0039152,00-0034855,Will Levis,Baker Mayfield,Mike Vrabel,Todd Bowles,Alan Eck,TAM00,Raymond James Stadium
2023_10_ATL_ARI,2023,REG,10,2023-11-12,Sunday,16:05,ATL,23,ARI,25,Home,2,48,0,2023111207,59317,,202311120crd,,401547529,,7,7,-130,110,-2.0,-110,-110,43.5,-108,-112,0,closed,grass,,,00-0031800,00-0035228,Taylor Heinicke,Kyler Murray,Arthur Smith,Jonathan Gannon,Craig Wrolstad,PHO00,State Farm Stadium
2023_10_DET_LAC,2023,REG,10,2023-11-12,Sunday,16:05,DET,41,LAC,38,Home,-3,79,0,2023111208,59318,,202311120sdg,,401547530,,13,6,-142,120,-2.5,-110,-110,48.5,-110,-110,0,dome,matrixturf,,,00-0033106,00-0036355,Jared Goff,Justin Herbert,Dan Campbell,Brandon Staley,Shawn Smith,LAX01,SoFi Stadium
2023_10_NYG_DAL,2023,REG,10,2023-11-12,Sunday,16:25,NYG,17,DAL,49,Home,32,66,0,2023111209,59319,,202311120dal,,401547534,,7,7,1100,-2100,17.5,-108,-112,38.5,-108,-112,1,closed,matrixturf,,,00-0038476,00-0033077,Tommy DeVito,Dak Prescott,Brian Daboll,Mike McCarthy,Brad Rogers,DAL00,AT&T Stadium
2023_10_WAS_SEA,2023,REG,10,2023-11-12,Sunday,16:25,WAS,26,SEA,29,Home,3,55,0,2023111210,59320,,202311120sea,,401547535,,7,7,220,-270,6.0,-110,-110,44.0,-112,-108,0,outdoors,fieldturf,52.0,4.0,00-0037077,00-0030565,Sam Howell,Geno Smith,Ron Rivera,Pete Carroll,Alex Kemp,SEA00,Lumen Field
2023_10_NYJ_LV,2023,REG,10,2023-11-12,Sunday,20:20,NYJ,12,LV,16,Home,4,28,0,2023111211,59321,,202311120rai,,401547536,,6,7,-115,-105,-1.0,-108,-112,35.5,-112,-108,0,dome,grass,,,00-0037013,00-0038579,Zach Wilson,Aidan O'Connell,Robert Saleh,Antonio Pierce,Shawn Hochuli,VEG00,Allegiant Stadium
2023_10_DEN_BUF,2023,REG,10,2023-11-13,Monday,20:15,DEN,24,BUF,22,Home,-2,46,0,2023111300,59322,,202311130buf,,401547537,,15,8,310,-395,7.5,-112,-108,47.5,-112,-108,0,outdoors,a_turf,49.0,10.0,00-0029263,00-0034857,Russell Wilson,Josh Allen,Sean Payton,Sean McDermott,Bill Vinovich,BUF00,New Era Field
2023_11_CIN_BAL,2023,REG,11,2023-11-16,Thursday,20:15,CIN,20,BAL,34,Home,14,54,0,2023111600,59323,,202311160rav,,401547538,,4,4,170,-205,4.0,-112,-108,46.5,-112,-108,1,outdoors,grass,56.0,1.0,00-0036442,00-0034796,Joe Burrow,Lamar Jackson,Zac Taylor,John Harbaugh,Adrian Hill,BAL00,M&T Bank Stadium
2023_11_DAL_CAR,2023,REG,11,2023-11-19,Sunday,13:00,DAL,33,CAR,10,Home,-23,43,0,2023111900,59324,,202311190car,,401547545,,7,10,-650,470,-11.0,-110,-110,43.0,-108,-112,0,outdoors,grass,65.0,2.0,00-0033077,00-0039150,Dak Prescott,Bryce Young,Mike McCarthy,Frank Reich,Clay Martin,CAR00,Bank of America Stadium
2023_11_PIT_CLE,2023,REG,11,2023-11-19,Sunday,13:00,PIT,10,CLE,13,Home,3,23,0,2023111901,59325,,202311190cle,,401547539,,7,7,120,-142,2.5,-105,-115,34.0,-108,-112,1,outdoors,grass,48.0,11.0,00-0038102,00-0038583,Kenny Pickett,Dorian Thompson-Robinson,Mike Tomlin,Kevin Stefanski,Shawn Hochuli,CLE00,FirstEnergy Stadium
2023_11_CHI_DET,2023,REG,11,2023-11-19,Sunday,13:00,CHI,26,DET,31,Home,5,57,0,2023111902,59326,,202311190det,,401547546,,10,7,340,-440,8.0,-110,-110,48.0,-110,-110,1,dome,fieldturf,,,00-0036945,00-0033106,Justin Fields,Jared Goff,Matt Eberflus,Dan Campbell,Scott Novak,DET00,Ford Field
2023_11_LAC_GB,2023,REG,11,2023-11-19,Sunday,13:00,LAC,20,GB,23,Home,3,43,0,2023111903,59327,,202311190gnb,,401547547,,7,7,-162,136,-3.0,-110,-110,44.0,-108,-112,0,outdoors,grass,45.0,5.0,00-0036355,00-0036264,Justin Herbert,Jordan Love,Brandon Staley,Matt LaFleur,John Hussey,GNB00,Lambeau Field
2023_11_ARI_HOU,2023,REG,11,2023-11-19,Sunday,13:00,ARI,16,HOU,21,Home,5,37,0,2023111904,59328,,202311190htx,,401547540,,7,7,205,-250,5.5,-108,-112,48.0,-110,-110,0,closed,astroturf,,,00-0035228,00-0039163,Kyler Murray,C.J. Stroud,Jonathan Gannon,DeMeco Ryans,Alex Kemp,HOU00,NRG Stadium
2023_11_TEN_JAX,2023,REG,11,2023-11-19,Sunday,13:00,TEN,14,JAX,34,Home,20,48,0,2023111905,59329,,202311190jax,,401547541,,7,7,235,-290,6.5,-105,-115,40.0,-110,-110,1,outdoors,grass,75.0,3.0,00-0039152,00-0036971,Will Levis,Trevor Lawrence,Mike Vrabel,Doug Pederson,Brad Rogers,JAX00,TIAA Bank Stadium
2023_11_LV_MIA,2023,REG,11,2023-11-19,Sunday,13:00,LV,13,MIA,20,Home,7,33,0,2023111906,59330,,202311190mia,,401547542,,7,14,700,-1100,14.0,-110,-110,44.5,-110,-110,0,outdoors,grass,82.0,7.0,00-0038579,00-0036212,Aidan O'Connell,Tua Tagovailoa,Antonio Pierce,Mike McDaniel,Bill Vinovich,MIA00,Hard Rock Stadium
2023_11_NYG_WAS,2023,REG,11,2023-11-19,Sunday,13:00,NYG,31,WAS,19,Home,-12,50,0,2023111907,59331,,202311190was,,401547548,,7,7,310,-395,7.5,-110,-110,39.0,-110,-110,1,outdoors,grass,56.0,7.0,00-0038476,00-0037077,Tommy DeVito,Sam Howell,Brian Daboll,Ron Rivera,Brad Allen,WAS00,FedExField
2023_11_TB_SF,2023,REG,11,2023-11-19,Sunday,16:05,TB,14,SF,27,Home,13,41,0,2023111908,59332,,202311190sfo,,401547549,,7,7,625,-950,13.5,-110,-110,41.5,-108,-112,0,outdoors,grass,65.0,10.0,00-0034855,00-0037834,Baker Mayfield,Brock Purdy,Todd Bowles,Kyle Shanahan,Craig Wrolstad,SFO01,Levi's Stadium
2023_11_NYJ_BUF,2023,REG,11,2023-11-19,Sunday,16:25,NYJ,6,BUF,32,Home,26,38,0,2023111909,59333,,202311190buf,,401547543,,7,6,310,-395,8.0,-108,-112,39.5,-112,-108,1,outdoors,a_turf,40.0,9.0,00-0037013,00-0034857,Zach Wilson,Josh Allen,Robert Saleh,Sean McDermott,Alan Eck,BUF00,New Era Field
2023_11_SEA_LA,2023,REG,11,2023-11-19,Sunday,16:25,SEA,16,LA,17,Home,1,33,0,2023111910,59334,,202311190ram,,401547544,,7,14,114,-135,2.5,-110,-110,45.0,-108,-112,1,dome,matrixturf,,,00-0030565,00-0026498,Geno Smith,Matthew Stafford,Pete Carroll,Sean McVay,Carl Cheffers,LAX01,SoFi Stadium
2023_11_MIN_DEN,2023,REG,11,2023-11-19,Sunday,20:20,MIN,20,DEN,21,Home,1,41,0,2023111911,59335,,202311190den,,401547550,,7,6,120,-142,2.5,-102,-118,43.5,-115,-105,0,outdoors,grass,53.0,3.0,00-0033949,00-0029263,Joshua Dobbs,Russell Wilson,Kevin O'Connell,Sean Payton,Ron Torbert,DEN00,Empower Field at Mile High
2023_11_PHI_KC,2023,REG,11,2023-11-20,Monday,20:15,PHI,21,KC,17,Home,-4,38,0,2023112000,59336,,202311200kan,,401547345,,15,15,124,-148,2.5,100,-120,46.0,-108,-112,0,outdoors,grass,45.0,12.0,00-0036389,00-0033873,Jalen Hurts,Patrick Mahomes,Nick Sirianni,Andy Reid,Shawn Smith,KAN00,GEHA Field at Arrowhead Stadium
2023_12_GB_DET,2023,REG,12,2023-11-23,Thursday,12:30,GB,29,DET,22,Home,-7,51,0,2023112300,59337,,202311230det,,401547552,,4,4,330,-425,8.5,-105,-115,47.0,-108,-112,1,dome,fieldturf,,,00-0036264,00-0033106,Jordan Love,Jared Goff,Matt LaFleur,Dan Campbell,Carl Cheffers,DET00,Ford Field
2023_12_WAS_DAL,2023,REG,12,2023-11-23,Thursday,16:30,WAS,10,DAL,45,Home,35,55,0,2023112301,59338,,202311230dal,,401547551,,4,4,550,-800,13.0,-110,-110,48.0,-112,-110,1,closed,matrixturf,,,00-0037077,00-0033077,Sam Howell,Dak Prescott,Ron Rivera,Mike McCarthy,Bill Vinovich,DAL00,AT&T Stadium
2023_12_SF_SEA,2023,REG,12,2023-11-23,Thursday,20:20,SF,31,SEA,13,Home,-18,44,0,2023112302,59339,,202311230sea,,401547553,,4,4,-355,280,-7.0,-112,-108,43.5,-115,-105,1,outdoors,fieldturf,39.0,4.0,00-0037834,00-0030565,Brock Purdy,Geno Smith,Kyle Shanahan,Pete Carroll,Tra Blake,SEA00,Lumen Field
2023_12_MIA_NYJ,2023,REG,12,2023-11-24,Friday,15:00,MIA,34,NYJ,13,Home,-21,47,0,2023112400,59340,,202311240nyj,,401547242,,5,5,-500,380,-9.5,-120,100,40.0,-110,-110,1,outdoors,fieldturf,48.0,11.0,00-0036212,00-0034177,Tua Tagovailoa,Tim Boyle,Mike McDaniel,Robert Saleh,John Hussey,NYC01,MetLife Stadium
2023_12_NO_ATL,2023,REG,12,2023-11-26,Sunday,13:00,NO,15,ATL,24,Home,9,39,0,2023112600,59341,,202311260atl,,401547559,,14,14,-130,110,-2.0,-110,-110,42.0,-110,-110,1,closed,fieldturf,,,00-0031280,00-0038122,Derek Carr,Desmond Ridder,Dennis Allen,Arthur Smith,Brad Allen,ATL97,Mercedes-Benz Stadium
2023_12_PIT_CIN,2023,REG,12,2023-11-26,Sunday,13:00,PIT,16,CIN,10,Home,-6,26,0,2023112601,59342,,202311260cin,,401547554,,7,10,-135,114,-2.0,-112,-108,36.0,-108,-112,1,outdoors,fieldturf,48.0,9.0,00-0038102,00-0035100,Kenny Pickett,Jake Browning,Mike Tomlin,Zac Taylor,Brad Rogers,CIN00,Paycor Stadium
2023_12_JAX_HOU,2023,REG,12,2023-11-26,Sunday,13:00,JAX,24,HOU,21,Home,-3,45,0,2023112602,59343,,202311260htx,,401547555,,7,7,-115,-105,-1.0,-110,-110,48.0,-108,-112,1,closed,astroturf,,,00-0036971,00-0039163,Trevor Lawrence,C.J. Stroud,Doug Pederson,DeMeco Ryans,Clay Martin,HOU00,NRG Stadium
2023_12_TB_IND,2023,REG,12,2023-11-26,Sunday,13:00,TB,20,IND,27,Home,7,47,0,2023112603,59344,,202311260clt,,401547556,,7,14,130,-155,2.5,-105,-115,45.0,-112,-108,0,closed,fieldturf,,,00-0034855,00-0035289,Baker Mayfield,Gardner Minshew,Todd Bowles,Shane Steichen,Clete Blakeman,IND00,Lucas Oil Stadium
2023_12_NE_NYG,2023,REG,12,2023-11-26,Sunday,13:00,NE,7,NYG,10,Home,3,17,0,2023112604,59345,,202311260nyg,,401547560,,14,7,-218,180,-4.5,-108,-112,36.5,-105,-115,0,outdoors,fieldturf,43.0,6.0,00-0036972,00-0038476,Mac Jones,Tommy DeVito,Bill Belichick,Brian Daboll,Scott Novak,NYC01,MetLife Stadium
2023_12_CAR_TEN,2023,REG,12,2023-11-26,Sunday,13:00,CAR,10,TEN,17,Home,7,27,0,2023112605,59346,,202311260oti,,401547561,,7,7,145,-175,3.5,-112,-105,36.0,-112,-108,0,outdoors,grass,51.0,13.0,00-0039150,00-0039152,Bryce Young,Will Levis,Frank Reich,Mike Vrabel,Ron Torbert,NAS00,Nissan Stadium
2023_12_LA_ARI,2023,REG,12,2023-11-26,Sunday,16:05,LA,37,ARI,14,Home,-23,51,0,2023112606,59347,,202311260crd,,401547562,,7,7,-148,124,-3.0,-105,-115,45.0,-112,-108,1,closed,grass,,,00-0026498,00-0035228,Matthew Stafford,Kyler Murray,Sean McVay,Jonathan Gannon,Shawn Smith,PHO00,State Farm Stadium
2023_12_CLE_DEN,2023,REG,12,2023-11-26,Sunday,16:05,CLE,12,DEN,29,Home,17,41,0,2023112607,59348,,202311260den,,401547563,,7,7,105,-125,1.5,-110,-110,37.5,-110,-110,0,outdoors,grass,40.0,5.0,00-0038583,00-0029263,Dorian Thompson-Robinson,Russell Wilson,Kevin Stefanski,Sean Payton,Adrian Hill,DEN00,Empower Field at Mile High
2023_12_KC_LV,2023,REG,12,2023-11-26,Sunday,16:25,KC,31,LV,17,Home,-14,48,0,2023112608,59349,,202311260rai,,401547557,,6,7,-500,380,-9.0,-110,-110,42.5,-112,-108,1,dome,grass,,,00-0033873,00-0038579,Patrick Mahomes,Aidan O'Connell,Andy Reid,Antonio Pierce,Land Clark,VEG00,Allegiant Stadium
2023_12_BUF_PHI,2023,REG,12,2023-11-26,Sunday,16:25,BUF,34,PHI,37,Home,3,71,1,2023112609,59350,,202311260phi,,401547558,,7,6,124,-148,2.5,-105,-115,49.0,-108,-112,0,outdoors,grass,47.0,6.0,00-0034857,00-0036389,Josh Allen,Jalen Hurts,Sean McDermott,Nick Sirianni,Shawn Hochuli,PHI00,Lincoln Financial Field
2023_12_BAL_LAC,2023,REG,12,2023-11-26,Sunday,20:20,BAL,20,LAC,10,Home,-10,30,0,2023112610,59351,,202311260sdg,,401547564,,10,7,-170,142,-3.0,-115,-105,49.0,-110,-110,0,dome,matrixturf,,,00-0034796,00-0036355,Lamar Jackson,Justin Herbert,John Harbaugh,Brandon Staley,Alan Eck,LAX01,SoFi Stadium
2023_12_CHI_MIN,2023,REG,12,2023-11-27,Monday,20:15,CHI,12,MIN,10,Home,-2,22,0,2023112700,59352,,202311270min,,401547565,,8,8,140,-166,3.0,-105,-115,43.5,-110,-110,1,dome,sportturf,,,00-0036945,00-0033949,Justin Fields,Joshua Dobbs,Matt Eberflus,Kevin O'Connell,Alex Kemp,MIN01,U.S. Bank Stadium
2023_13_SEA_DAL,2023,REG,13,2023-11-30,Thursday,20:15,SEA,35,DAL,41,Home,6,76,0,2023113000,59353,,202311300dal,,401547566,,7,7,380,-500,9.5,-102,-118,47.5,-110,-110,0,closed,matrixturf,,,00-0030565,00-0033077,Geno Smith,Dak Prescott,Pete Carroll,Mike McCarthy,Clete Blakeman,DAL00,AT&T Stadium
2023_13_DEN_HOU,2023,REG,13,2023-12-03,Sunday,13:00,DEN,17,HOU,22,Home,5,39,0,2023120307,59361,,202312030htx,,401547571,,7,7,142,-170,3.5,-122,102,47.5,-110,-110,0,closed,astroturf,,,00-0029263,00-0039163,Russell Wilson,C.J. Stroud,Sean Payton,DeMeco Ryans,Shawn Smith,HOU00,NRG Stadium
2023_13_LAC_NE,2023,REG,13,2023-12-03,Sunday,13:00,LAC,6,NE,0,Home,-6,6,0,2023120300,59354,,202312030nwe,,401547567,,7,7,-225,185,-4.5,-110,-110,38.5,-108,-112,0,outdoors,fieldturf,44.0,8.0,00-0036355,00-0038108,Justin Herbert,Bailey Zappe,Brandon Staley,Bill Belichick,Bill Vinovich,BOS00,Gillette Stadium
2023_13_DET_NO,2023,REG,13,2023-12-03,Sunday,13:00,DET,33,NO,28,Home,-5,61,0,2023120301,59355,,202312030nor,,401547572,,10,7,-198,164,-4.0,-110,-110,47.5,-108,-112,0,dome,sportturf,,,00-0033106,00-0031280,Jared Goff,Derek Carr,Dan Campbell,Dennis Allen,Clay Martin,NOR00,Mercedes-Benz Superdome
2023_13_ATL_NYJ,2023,REG,13,2023-12-03,Sunday,13:00,ATL,13,NYJ,8,Home,-5,21,0,2023120302,59356,,202312030nyj,,401547573,,7,9,-125,105,-2.0,-108,-112,33.0,-110,-110,0,outdoors,fieldturf,50.0,8.0,00-0038122,00-0034177,Desmond Ridder,Tim Boyle,Arthur Smith,Robert Saleh,Ron Torbert,NYC01,MetLife Stadium
2023_13_ARI_PIT,2023,REG,13,2023-12-03,Sunday,13:00,ARI,24,PIT,10,Home,-14,34,0,2023120303,59357,,202312030pit,,401547568,,7,7,230,-285,6.0,-105,-115,41.0,-112,-108,0,outdoors,grass,56.0,12.0,00-0035228,00-0038102,Kyler Murray,Kenny Pickett,Jonathan Gannon,Mike Tomlin,Land Clark,PIT00,Acrisure Stadium
2023_13_IND_TEN,2023,REG,13,2023-12-03,Sunday,13:00,IND,31,TEN,28,Home,-3,59,1,2023120305,59359,,202312030oti,,401547570,,7,7,-122,102,-1.5,-110,-110,42.0,-108,-112,1,outdoors,grass,53.0,13.0,00-0035289,00-0039152,Gardner Minshew,Will Levis,Shane Steichen,Mike Vrabel,Craig Wrolstad,NAS00,Nissan Stadium
2023_13_MIA_WAS,2023,REG,13,2023-12-03,Sunday,13:00,MIA,45,WAS,15,Home,-30,60,0,2023120306,59360,,202312030was,,401547574,,9,10,-455,350,-8.5,-112,-108,50.0,-110,-110,0,outdoors,grass,53.0,2.0,00-0036212,00-0037077,Tua Tagovailoa,Sam Howell,Mike McDaniel,Ron Rivera,Tra Blake,WAS00,FedExField
2023_13_CAR_TB,2023,REG,13,2023-12-03,Sunday,16:05,CAR,18,TB,21,Home,3,39,0,2023120304,59358,,202312030tam,,401547569,,7,7,164,-198,4.0,-110,-110,37.0,-110,-110,1,outdoors,grass,81.0,8.0,00-0039150,00-0034855,Bryce Young,Baker Mayfield,Chris Tabor,Todd Bowles,Brad Rogers,TAM00,Raymond James Stadium
2023_13_CLE_LA,2023,REG,13,2023-12-03,Sunday,16:25,CLE,19,LA,36,Home,17,55,0,2023120308,59362,,202312030ram,,401547575,,7,7,160,-192,3.5,-110,-110,39.5,-110,-110,0,dome,matrixturf,,,00-0026158,00-0026498,Joe Flacco,Matthew Stafford,Kevin Stefanski,Sean McVay,John Hussey,LAX01,SoFi Stadium
2023_13_SF_PHI,2023,REG,13,2023-12-03,Sunday,16:25,SF,42,PHI,19,Home,-23,61,0,2023120309,59363,,202312030phi,,401547276,,10,7,-148,124,-3.0,-105,-115,46.5,-108,-112,0,outdoors,grass,52.0,44.0,00-0037834,00-0036389,Brock Purdy,Jalen Hurts,Kyle Shanahan,Nick Sirianni,Alex Kemp,PHI00,Lincoln Financial Field
2023_13_KC_GB,2023,REG,13,2023-12-03,Sunday,20:20,KC,19,GB,27,Home,8,46,0,2023120310,59364,,202312030gnb,,401547576,,7,10,-265,215,-5.5,-118,-102,43.5,-105,-115,0,outdoors,grass,31.0,9.0,00-0033873,00-0036264,Patrick Mahomes,Jordan Love,Andy Reid,Matt LaFleur,Brad Allen,GNB00,Lambeau Field
2023_13_CIN_JAX,2023,REG,13,2023-12-04,Monday,20:15,CIN,34,JAX,31,Home,-3,65,1,2023120400,59365,,202312040jax,,401547577,,8,8,410,-550,10.0,-105,-115,41.0,-105,-115,0,outdoors,grass,61.0,4.0,00-0035100,00-0036971,Jake Browning,Trevor Lawrence,Zac Taylor,Doug Pederson,Scott Novak,JAX00,TIAA Bank Stadium
2023_14_NE_PIT,2023,REG,14,2023-12-07,Thursday,20:15,NE,21,PIT,18,Home,-3,39,0,2023120700,59366,,202312070pit,,401547578,,4,4,220,-270,6.0,-118,-102,30.0,-105,-115,0,outdoors,grass,42.0,5.0,00-0038108,00-0033869,Bailey Zappe,Mitchell Trubisky,Bill Belichick,Mike Tomlin,Clay Martin,PIT00,Acrisure Stadium
2023_14_TB_ATL,2023,REG,14,2023-12-10,Sunday,13:00,TB,29,ATL,25,Home,-4,54,0,2023121000,59367,,202312100atl,,401547579,,7,7,105,-125,1.5,-108,-112,41.5,-110,-110,1,closed,fieldturf,,,00-0034855,00-0038122,Baker Mayfield,Desmond Ridder,Todd Bowles,Arthur Smith,Alex Kemp,ATL97,Mercedes-Benz Stadium
2023_14_LA_BAL,2023,REG,14,2023-12-10,Sunday,13:00,LA,31,BAL,37,Home,6,68,1,2023121001,59368,,202312100rav,,401547585,,7,14,285,-360,7.5,-115,-105,42.0,-110,-110,0,outdoors,grass,57.0,5.0,00-0026498,00-0034796,Matthew Stafford,Lamar Jackson,Sean McVay,John Harbaugh,Scott Novak,BAL00,M&T Bank Stadium
2023_14_DET_CHI,2023,REG,14,2023-12-10,Sunday,13:00,DET,13,CHI,28,Home,15,41,0,2023121002,59369,,202312100chi,,401547586,,7,13,-170,142,-3.0,-120,100,44.5,-110,-110,1,outdoors,grass,36.0,12.0,00-0033106,00-0036945,Jared Goff,Justin Fields,Dan Campbell,Matt Eberflus,Tra Blake,CHI98,Soldier Field
2023_14_IND_CIN,2023,REG,14,2023-12-10,Sunday,13:00,IND,14,CIN,34,Home,20,48,0,2023121003,59370,,202312100cin,,401547580,,7,6,124,-148,3.0,-118,-102,45.0,-110,-110,0,outdoors,fieldturf,40.0,9.0,00-0035289,00-0035100,Gardner Minshew,Jake Browning,Shane Steichen,Zac Taylor,Shawn Hochuli,CIN00,Paycor Stadium
2023_14_JAX_CLE,2023,REG,14,2023-12-10,Sunday,13:00,JAX,27,CLE,31,Home,4,58,0,2023121004,59371,,202312100cle,,401547581,,6,7,120,-142,2.5,-108,-112,37.5,-110,-110,0,outdoors,grass,39.0,11.0,00-0036971,00-0026158,Trevor Lawrence,Joe Flacco,Doug Pederson,Kevin Stefanski,Ron Torbert,CLE00,FirstEnergy Stadium
2023_14_CAR_NO,2023,REG,14,2023-12-10,Sunday,13:00,CAR,6,NO,28,Home,22,34,0,2023121005,59372,,202312100nor,,401547587,,7,7,200,-245,5.5,-110,-110,39.0,-110,-110,1,dome,sportturf,,,00-0039150,00-0031280,Bryce Young,Derek Carr,Chris Tabor,Dennis Allen,Alan Eck,NOR00,Mercedes-Benz Superdome
2023_14_HOU_NYJ,2023,REG,14,2023-12-10,Sunday,13:00,HOU,6,NYJ,30,Home,24,36,0,2023121006,59373,,202312100nyj,,401547582,,7,7,-175,145,-3.5,-108,-112,33.5,-110,-110,0,outdoors,fieldturf,58.0,7.0,00-0039163,00-0037013,C.J. Stroud,Zach Wilson,DeMeco Ryans,Robert Saleh,Brad Allen,NYC01,MetLife Stadium
2023_14_MIN_LV,2023,REG,14,2023-12-10,Sunday,16:05,MIN,3,LV,0,Home,-3,3,0,2023121007,59374,,202312100rai,,401547588,,13,14,-155,130,-3.0,-108,-112,40.5,-108,-112,0,dome,grass,,,00-0033949,00-0038579,Joshua Dobbs,Aidan O'Connell,Kevin O'Connell,Antonio Pierce,Craig Wrolstad,VEG00,Allegiant Stadium
2023_14_SEA_SF,2023,REG,14,2023-12-10,Sunday,16:05,SEA,16,SF,28,Home,12,44,0,2023121008,59375,,202312100sfo,,401547589,,10,7,650,-1000,14.5,-110,-110,44.5,-110,-110,1,outdoors,grass,63.0,5.0,00-0035704,00-0037834,Drew Lock,Brock Purdy,Pete Carroll,Kyle Shanahan,Brad Rogers,SFO01,Levi's Stadium
2023_14_BUF_KC,2023,REG,14,2023-12-10,Sunday,16:25,BUF,20,KC,17,Home,-3,37,0,2023121009,59376,,202312100kan,,401547583,,14,7,105,-125,2.0,-110,-110,49.5,-110,-110,0,outdoors,grass,45.0,5.0,00-0034857,00-0033873,Josh Allen,Patrick Mahomes,Sean McDermott,Andy Reid,Carl Cheffers,KAN00,GEHA Field at Arrowhead Stadium
2023_14_DEN_LAC,2023,REG,14,2023-12-10,Sunday,16:25,DEN,24,LAC,7,Home,-17,31,0,2023121010,59377,,202312100sdg,,401547584,,7,7,136,-162,3.0,-112,-108,45.0,-110,-110,1,dome,matrixturf,,,00-0029263,00-0036355,Russell Wilson,Justin Herbert,Sean Payton,Brandon Staley,Clete Blakeman,LAX01,SoFi Stadium
2023_14_PHI_DAL,2023,REG,14,2023-12-10,Sunday,20:20,PHI,13,DAL,33,Home,20,46,0,2023121011,59378,,202312100dal,,401547590,,7,10,145,-175,3.5,-118,-102,52.5,-110,-110,1,closed,matrixturf,,,00-0036389,00-0033077,Jalen Hurts,Dak Prescott,Nick Sirianni,Mike McCarthy,John Hussey,DAL00,AT&T Stadium
2023_14_TEN_MIA,2023,REG,14,2023-12-11,Monday,20:15,TEN,28,MIA,27,Home,-1,55,0,2023121100,59379,,202312110mia,,401547592,,8,8,625,-950,14.0,-110,-110,45.0,-110,-112,0,outdoors,grass,64.0,9.0,00-0039152,00-0036212,Will Levis,Tua Tagovailoa,Mike Vrabel,Mike McDaniel,Adrian Hill,MIA00,Hard Rock Stadium
2023_14_GB_NYG,2023,REG,14,2023-12-11,Monday,20:15,GB,22,NYG,24,Home,2,46,0,2023121101,59380,,202312110nyg,,401547591,,8,15,-265,215,-6.0,-112,-108,37.5,-110,-110,0,outdoors,fieldturf,39.0,14.0,00-0036264,00-0038476,Jordan Love,Tommy DeVito,Matt LaFleur,Brian Daboll,Land Clark,NYC01,MetLife Stadium
2023_15_LAC_LV,2023,REG,15,2023-12-14,Thursday,20:15,LAC,21,LV,63,Home,42,84,0,2023121400,59381,,202312140rai,,401547593,,4,4,136,-162,3.0,-110,-110,36.0,-110,-110,1,dome,grass,,,00-0035282,00-0038579,Easton Stick,Aidan O'Connell,Brandon Staley,Antonio Pierce,Ron Torbert,VEG00,Allegiant Stadium
2023_15_MIN_CIN,2023,REG,15,2023-12-16,Saturday,13:00,MIN,24,CIN,27,Home,3,51,1,2023121600,59383,,202312160cin,,401547604,,6,6,145,-175,3.0,-105,-115,41.5,-110,-110,0,outdoors,fieldturf,53.0,5.0,00-0033319,00-0035100,Nick Mullens,Jake Browning,Kevin O'Connell,Zac Taylor,Bill Vinovich,CIN00,Paycor Stadium
2023_15_PIT_IND,2023,REG,15,2023-12-16,Saturday,16:30,PIT,13,IND,30,Home,17,43,0,2023121601,59386,,202312160clt,,401547607,,9,6,102,-122,1.5,-110,-110,41.5,-110,-110,0,closed,fieldturf,,,00-0033869,00-0035289,Mitchell Trubisky,Gardner Minshew,Mike Tomlin,Shane Steichen,Adrian Hill,IND00,Lucas Oil Stadium
2023_15_DEN_DET,2023,REG,15,2023-12-16,Saturday,20:15,DEN,17,DET,42,Home,25,59,0,2023121602,59385,,202312160det,,401547606,,6,6,210,-258,5.5,-108,-112,49.0,-108,-112,0,dome,fieldturf,,,00-0029263,00-0033106,Russell Wilson,Jared Goff,Sean Payton,Dan Campbell,John Hussey,DET00,Ford Field
2023_15_ATL_CAR,2023,REG,15,2023-12-17,Sunday,13:00,ATL,7,CAR,9,Home,2,16,0,2023121709,59382,,202312170car,,401547603,,7,7,-155,130,-3.0,-102,-118,32.0,-110,-110,1,outdoors,grass,47.0,11.0,00-0038122,00-0039150,Desmond Ridder,Bryce Young,Arthur Smith,Chris Tabor,Land Clark,CAR00,Bank of America Stadium
2023_15_CHI_CLE,2023,REG,15,2023-12-17,Sunday,13:00,CHI,17,CLE,20,Home,3,37,0,2023121710,59384,,202312170cle,,401547605,,7,7,124,-148,3.0,-120,100,38.0,-110,-110,0,outdoors,grass,45.0,15.0,00-0036945,00-0026158,Justin Fields,Joe Flacco,Matt Eberflus,Kevin Stefanski,Brad Allen,CLE00,FirstEnergy Stadium
2023_15_TB_GB,2023,REG,15,2023-12-17,Sunday,13:00,TB,34,GB,20,Home,-14,54,0,2023121700,59387,,202312170gnb,,401547598,,7,6,180,-218,4.0,-110,-110,41.5,-110,-110,0,outdoors,grass,42.0,8.0,00-0034855,00-0036264,Baker Mayfield,Jordan Love,Todd Bowles,Matt LaFleur,Tra Blake,GNB00,Lambeau Field
2023_15_NYJ_MIA,2023,REG,15,2023-12-17,Sunday,13:00,NYJ,0,MIA,30,Home,30,30,0,2023121701,59388,,202312170mia,,401547594,,7,6,275,-345,7.5,-115,-105,36.0,-110,-110,1,outdoors,grass,76.0,15.0,00-0037013,00-0036212,Zach Wilson,Tua Tagovailoa,Robert Saleh,Mike McDaniel,Brad Rogers,MIA00,Hard Rock Stadium
2023_15_KC_NE,2023,REG,15,2023-12-17,Sunday,13:00,KC,27,NE,17,Home,-10,44,0,2023121711,59396,,202312170nwe,,401547608,,7,10,-485,370,-10.0,-112,-108,39.5,-110,-110,0,outdoors,fieldturf,53.0,7.0,00-0033873,00-0038108,Patrick Mahomes,Bailey Zappe,Andy Reid,Bill Belichick,Shawn Hochuli,BOS00,Gillette Stadium
2023_15_NYG_NO,2023,REG,15,2023-12-17,Sunday,13:00,NYG,6,NO,24,Home,18,30,0,2023121702,59389,,202312170nor,,401547599,,6,7,205,-250,6.0,-108,-112,39.5,-110,-110,0,dome,sportturf,,,00-0038476,00-0031280,Tommy DeVito,Derek Carr,Brian Daboll,Dennis Allen,Carl Cheffers,NOR00,Mercedes-Benz Superdome
2023_15_HOU_TEN,2023,REG,15,2023-12-17,Sunday,13:00,HOU,19,TEN,16,Home,-3,35,1,2023121703,59390,,202312170oti,,401547595,,7,6,142,-170,3.0,100,-120,38.0,-108,-112,1,outdoors,grass,48.0,9.0,00-0028986,00-0039152,Case Keenum,Will Levis,DeMeco Ryans,Mike Vrabel,Clete Blakeman,NAS00,Nissan Stadium
2023_15_SF_ARI,2023,REG,15,2023-12-17,Sunday,16:05,SF,45,ARI,29,Home,-16,74,0,2023121704,59391,,202312170crd,,401547596,,7,14,-750,525,-12.5,-110,-110,48.0,-110,-110,1,open,grass,,,00-0037834,00-0035228,Brock Purdy,Kyler Murray,Kyle Shanahan,Jonathan Gannon,Scott Novak,PHO00,State Farm Stadium
2023_15_WAS_LA,2023,REG,15,2023-12-17,Sunday,16:05,WAS,20,LA,28,Home,8,48,0,2023121705,59392,,202312170ram,,401547597,,14,7,240,-298,6.5,-108,-112,48.5,-110,-110,0,dome,matrixturf,,,00-0037077,00-0026498,Sam Howell,Matthew Stafford,Ron Rivera,Sean McVay,Alan Eck,LAX01,SoFi Stadium
2023_15_DAL_BUF,2023,REG,15,2023-12-17,Sunday,16:25,DAL,10,BUF,31,Home,21,41,0,2023121706,59393,,202312170buf,,401547600,,7,7,114,-135,2.0,-108,-112,49.5,-110,-110,0,outdoors,a_turf,48.0,9.0,00-0033077,00-0034857,Dak Prescott,Josh Allen,Mike McCarthy,Sean McDermott,Craig Wrolstad,BUF00,New Era Field
2023_15_BAL_JAX,2023,REG,15,2023-12-17,Sunday,20:20,BAL,23,JAX,7,Home,-16,30,0,2023121708,59395,,202312170jax,,401547602,,7,7,-225,185,-4.0,-110,-110,42.5,-108,-112,0,outdoors,grass,58.0,13.0,00-0034796,00-0036971,Lamar Jackson,Trevor Lawrence,John Harbaugh,Doug Pederson,Shawn Smith,JAX00,TIAA Bank Stadium
2023_15_PHI_SEA,2023,REG,15,2023-12-18,Monday,20:15,PHI,17,SEA,20,Home,3,37,0,2023121801,59394,,202312180sea,,401547601,,8,8,-238,195,-5.0,-120,100,46.0,-112,-108,0,outdoors,fieldturf,46.0,2.0,00-0036389,00-0035704,Jalen Hurts,Drew Lock,Nick Sirianni,Pete Carroll,Clay Martin,SEA00,Lumen Field
2023_16_NO_LA,2023,REG,16,2023-12-21,Thursday,20:15,NO,22,LA,30,Home,8,52,0,2023122100,59397,,202312210ram,,401547609,,4,4,180,-218,4.0,100,-120,45.5,-112,-108,0,dome,matrixturf,,,00-0031280,00-0026498,Derek Carr,Matthew Stafford,Dennis Allen,Sean McVay,Brad Rogers,LAX01,SoFi Stadium
2023_16_CIN_PIT,2023,REG,16,2023-12-23,Saturday,16:30,CIN,11,PIT,34,Home,23,45,0,2023122300,59398,,202312230pit,,401547610,,7,7,-155,130,-3.0,-105,-115,39.5,-110,-110,1,outdoors,grass,49.0,5.0,00-0035100,00-0034771,Jake Browning,Mason Rudolph,Zac Taylor,Mike Tomlin,Craig Wrolstad,PIT00,Acrisure Stadium
2023_16_BUF_LAC,2023,REG,16,2023-12-23,Saturday,20:00,BUF,24,LAC,22,Home,-2,46,0,2023122301,59399,,202312230sdg,,401547611,,6,9,-800,550,-13.0,-105,-115,44.5,-115,-105,0,dome,matrixturf,,,00-0034857,00-0035282,Josh Allen,Easton Stick,Sean McDermott,Giff Smith,Adrian Hill,LAX01,SoFi Stadium
2023_16_IND_ATL,2023,REG,16,2023-12-24,Sunday,13:00,IND,10,ATL,29,Home,19,39,0,2023122402,59400,,202312240atl,,401547616,,8,7,130,-155,3.0,-115,-105,44.0,-105,-115,0,closed,fieldturf,,,00-0035289,00-0031800,Gardner Minshew,Taylor Heinicke,Shane Steichen,Arthur Smith,Alan Eck,ATL97,Mercedes-Benz Stadium
2023_16_GB_CAR,2023,REG,16,2023-12-24,Sunday,13:00,GB,33,CAR,30,Home,-3,63,0,2023122403,59401,,202312240car,,401547617,,7,7,-198,164,-3.5,-112,-108,39.5,-110,-110,0,outdoors,grass,67.0,1.0,00-0036264,00-0039150,Jordan Love,Bryce Young,Matt LaFleur,Chris Tabor,Alex Kemp,CAR00,Bank of America Stadium
2023_16_CLE_HOU,2023,REG,16,2023-12-24,Sunday,13:00,CLE,36,HOU,22,Home,-14,58,0,2023122404,59402,,202312240htx,,401547612,,7,7,-162,136,-3.0,-110,-110,40.0,-110,-110,0,closed,astroturf,,,00-0026158,00-0028986,Joe Flacco,Case Keenum,Kevin Stefanski,DeMeco Ryans,Tra Blake,HOU00,NRG Stadium
2023_16_DET_MIN,2023,REG,16,2023-12-24,Sunday,13:00,DET,30,MIN,24,Home,-6,54,0,2023122405,59403,,202312240min,,401547618,,8,8,-148,124,-2.5,-125,105,47.5,-102,-118,1,dome,sportturf,,,00-0033106,00-0033319,Jared Goff,Nick Mullens,Dan Campbell,Kevin O'Connell,Land Clark,MIN01,U.S. Bank Stadium
2023_16_WAS_NYJ,2023,REG,16,2023-12-24,Sunday,13:00,WAS,28,NYJ,30,Home,2,58,0,2023122406,59404,,202312240nyj,,401547613,,7,7,140,-166,3.0,-108,-112,36.5,-110,-110,0,outdoors,fieldturf,45.0,2.0,00-0037077,00-0032156,Sam Howell,Trevor Siemian,Ron Rivera,Robert Saleh,Clay Martin,NYC01,MetLife Stadium
2023_16_SEA_TEN,2023,REG,16,2023-12-24,Sunday,13:00,SEA,20,TEN,17,Home,-3,37,0,2023122407,59405,,202312240oti,,401547614,,6,7,-166,140,-3.0,-110,-110,42.0,-108,-112,0,outdoors,grass,61.0,4.0,00-0030565,00-0029701,Geno Smith,Ryan Tannehill,Pete Carroll,Mike Vrabel,Shawn Smith,NAS00,Nissan Stadium
2023_16_JAX_TB,2023,REG,16,2023-12-24,Sunday,16:05,JAX,12,TB,30,Home,18,42,0,2023122408,59406,,202312240tam,,401547615,,7,7,-125,105,-2.0,-110,-110,43.0,-108,-112,0,outdoors,grass,72.0,11.0,00-0036971,00-0034855,Trevor Lawrence,Baker Mayfield,Doug Pederson,Todd Bowles,Brad Allen,TAM00,Raymond James Stadium
2023_16_ARI_CHI,2023,REG,16,2023-12-24,Sunday,16:25,ARI,16,CHI,27,Home,11,43,0,2023122409,59407,,202312240chi,,401547619,,7,7,180,-218,4.5,-110,-110,42.0,-105,-115,0,outdoors,grass,52.0,4.0,00-0035228,00-0036945,Kyler Murray,Justin Fields,Jonathan Gannon,Matt Eberflus,John Hussey,CHI98,Soldier Field
2023_16_DAL_MIA,2023,REG,16,2023-12-24,Sunday,16:25,DAL,20,MIA,22,Home,2,42,0,2023122410,59408,,202312240mia,,401547620,,7,7,102,-122,1.5,-110,-110,48.5,100,-120,0,outdoors,grass,75.0,15.0,00-0033077,00-0036212,Dak Prescott,Tua Tagovailoa,Mike McCarthy,Mike McDaniel,Shawn Hochuli,MIA00,Hard Rock Stadium
2023_16_NE_DEN,2023,REG,16,2023-12-24,Sunday,20:15,NE,26,DEN,23,Home,-3,49,0,2023122411,59409,,202312240den,,401547621,,7,8,270,-340,7.0,-110,-110,37.5,-110,-110,0,outdoors,grass,28.0,9.0,00-0038108,00-0029263,Bailey Zappe,Russell Wilson,Bill Belichick,Sean Payton,Carl Cheffers,DEN00,Empower Field at Mile High
2023_16_LV_KC,2023,REG,16,2023-12-25,Monday,13:00,LV,20,KC,14,Home,-6,34,0,2023122500,59410,,202312250kan,,401547351,,11,8,440,-600,11.0,-102,-118,40.5,-110,-110,1,outdoors,grass,38.0,11.0,00-0038579,00-0033873,Aidan O'Connell,Patrick Mahomes,Antonio Pierce,Andy Reid,Clete Blakeman,KAN00,GEHA Field at Arrowhead Stadium
2023_16_NYG_PHI,2023,REG,16,2023-12-25,Monday,16:30,NYG,25,PHI,33,Home,8,58,0,2023122501,59411,,202312250phi,,401547241,,8,7,600,-900,14.0,-112,-108,41.0,-108,-112,1,outdoors,grass,51.0,5.0,00-0038476,00-0036389,Tommy DeVito,Jalen Hurts,Brian Daboll,Nick Sirianni,Ron Torbert,PHI00,Lincoln Financial Field
2023_16_BAL_SF,2023,REG,16,2023-12-25,Monday,20:15,BAL,33,SF,19,Home,-14,52,0,2023122502,59412,,202312250sfo,,401547622,,8,8,275,-345,6.5,-105,-115,47.5,-112,-108,0,outdoors,grass,56.0,8.0,00-0034796,00-0037834,Lamar Jackson,Brock Purdy,John Harbaugh,Kyle Shanahan,Bill Vinovich,SFO01,Levi's Stadium
2023_17_NYJ_CLE,2023,REG,17,2023-12-28,Thursday,20:15,NYJ,20,CLE,37,Home,17,57,0,2023122800,59413,,202312280cle,,401547623,,4,4,270,-345,6.5,-105,-115,33.5,-110,-110,0,outdoors,grass,47.0,6.0,00-0032156,00-0026158,Trevor Siemian,Joe Flacco,Robert Saleh,Kevin Stefanski,Alex Kemp,CLE00,FirstEnergy Stadium
2023_17_DET_DAL,2023,REG,17,2023-12-30,Saturday,20:15,DET,19,DAL,20,Home,1,39,0,2023123000,59414,,202312300dal,,401547624,,6,6,195,-238,5.5,-110,-110,53.0,-110,-110,0,closed,matrixturf,,,00-0033106,00-0033077,Jared Goff,Dak Prescott,Dan Campbell,Mike McCarthy,Brad Allen,DAL00,AT&T Stadium
2023_17_MIA_BAL,2023,REG,17,2023-12-31,Sunday,13:00,MIA,19,BAL,56,Home,37,75,0,2023123101,59415,,202312310rav,,401547625,,7,6,150,-180,3.0,100,-120,47.0,-108,-112,0,outdoors,grass,50.0,7.0,00-0036212,00-0034796,Tua Tagovailoa,Lamar Jackson,Mike McDaniel,John Harbaugh,Clete Blakeman,BAL00,M&T Bank Stadium
2023_17_NE_BUF,2023,REG,17,2023-12-31,Sunday,13:00,NE,21,BUF,27,Home,6,48,0,2023123102,59416,,202312310buf,,401547626,,7,8,750,-1200,15.0,-110,-110,40.0,-108,-112,1,outdoors,a_turf,35.0,4.0,00-0038108,00-0034857,Bailey Zappe,Josh Allen,Bill Belichick,Sean McDermott,Alan Eck,BUF00,New Era Field
2023_17_ATL_CHI,2023,REG,17,2023-12-31,Sunday,13:00,ATL,17,CHI,37,Home,20,54,0,2023123103,59417,,202312310chi,,401547627,,7,7,130,-155,3.0,-115,-105,39.0,-110,-110,0,outdoors,grass,32.0,5.0,00-0031800,00-0036945,Taylor Heinicke,Justin Fields,Arthur Smith,Matt Eberflus,Adrian Hill,CHI98,Soldier Field
2023_17_TEN_HOU,2023,REG,17,2023-12-31,Sunday,13:00,TEN,3,HOU,26,Home,23,29,0,2023123104,59418,,202312310htx,,401547631,,7,7,190,-230,5.0,-105,-115,44.0,-108,-112,1,closed,astroturf,,,00-0039152,00-0039163,Will Levis,C.J. Stroud,Mike Vrabel,DeMeco Ryans,Scott Novak,HOU00,NRG Stadium
2023_17_LV_IND,2023,REG,17,2023-12-31,Sunday,13:00,LV,20,IND,23,Home,3,43,0,2023123105,59419,,202312310clt,,401547628,,6,7,150,-180,3.5,-110,-110,42.5,-105,-115,0,closed,fieldturf,,,00-0038579,00-0035289,Aidan O'Connell,Gardner Minshew,Antonio Pierce,Shane Steichen,Shawn Smith,IND00,Lucas Oil Stadium
2023_17_CAR_JAX,2023,REG,17,2023-12-31,Sunday,13:00,CAR,0,JAX,26,Home,26,26,0,2023123106,59420,,202312310jax,,401547629,,7,7,160,-192,3.5,-110,-110,38.0,-110,-110,0,outdoors,grass,56.0,8.0,00-0039150,00-0033936,Bryce Young,C.J. Beathard,Chris Tabor,Doug Pederson,Carl Cheffers,JAX00,TIAA Bank Stadium
2023_17_LA_NYG,2023,REG,17,2023-12-31,Sunday,13:00,LA,26,NYG,25,Home,-1,51,0,2023123107,59421,,202312310nyg,,401547632,,10,6,-298,240,-6.0,-112,-108,43.5,-108,-112,0,outdoors,fieldturf,41.0,10.0,00-0026498,00-0028118,Matthew Stafford,Tyrod Taylor,Sean McVay,Brian Daboll,Tra Blake,NYC01,MetLife Stadium
2023_17_ARI_PHI,2023,REG,17,2023-12-31,Sunday,13:00,ARI,35,PHI,31,Home,-4,66,0,2023123108,59422,,202312310phi,,401547633,,7,6,525,-750,12.0,-110,-110,48.0,-110,-110,0,outdoors,grass,45.0,9.0,00-0035228,00-0036389,Kyler Murray,Jalen Hurts,Jonathan Gannon,Nick Sirianni,Bill Vinovich,PHI00,Lincoln Financial Field
2023_17_NO_TB,2023,REG,17,2023-12-31,Sunday,13:00,NO,23,TB,13,Home,-10,36,0,2023123109,59423,,202312310tam,,401547634,,10,7,124,-148,2.5,100,-120,42.5,-112,-108,1,outdoors,grass,66.0,5.0,00-0031280,00-0034855,Derek Carr,Baker Mayfield,Dennis Allen,Todd Bowles,Land Clark,TAM00,Raymond James Stadium
2023_17_SF_WAS,2023,REG,17,2023-12-31,Sunday,13:00,SF,27,WAS,10,Home,-17,37,0,2023123110,59424,,202312310was,,401547635,,6,7,-1050,675,-14.0,-115,-105,49.0,-112,-108,0,outdoors,grass,48.0,7.0,00-0037834,00-0037077,Brock Purdy,Sam Howell,Kyle Shanahan,Ron Rivera,Ron Torbert,WAS00,FedExField
2023_17_PIT_SEA,2023,REG,17,2023-12-31,Sunday,16:05,PIT,30,SEA,23,Home,-7,53,0,2023123111,59425,,202312310sea,,401547636,,8,7,185,-225,4.5,-110,-110,40.5,-108,-112,0,outdoors,fieldturf,47.0,4.0,00-0034771,00-0030565,Mason Rudolph,Geno Smith,Mike Tomlin,Pete Carroll,Shawn Hochuli,SEA00,Lumen Field
2023_17_LAC_DEN,2023,REG,17,2023-12-31,Sunday,16:25,LAC,9,DEN,16,Home,7,25,0,2023123112,59426,,202312310den,,401547630,,8,7,164,-198,3.5,-108,-112,39.5,-110,-110,1,outdoors,grass,41.0,6.0,00-0035282,00-0035264,Easton Stick,Jarrett Stidham,Giff Smith,Sean Payton,Craig Wrolstad,DEN00,Empower Field at Mile High
2023_17_CIN_KC,2023,REG,17,2023-12-31,Sunday,16:25,CIN,17,KC,25,Home,8,42,0,2023123113,59427,,202312310kan,,401547235,,8,6,275,-345,7.5,-115,-105,46.0,-112,-108,0,outdoors,grass,36.0,12.0,00-0035100,00-0033873,Jake Browning,Patrick Mahomes,Zac Taylor,Andy Reid,John Hussey,KAN00,GEHA Field at Arrowhead Stadium
2023_17_GB_MIN,2023,REG,17,2023-12-31,Sunday,20:20,GB,33,MIN,10,Home,-23,43,0,2023123114,59428,,202312310min,,401547637,,7,7,-108,-112,1.0,-112,-108,42.5,-112,-108,1,dome,sportturf,,,00-0036264,00-0038598,Jordan Love,Jaren Hall,Matt LaFleur,Kevin O'Connell,Clay Martin,MIN01,U.S. Bank Stadium
2023_18_PIT_BAL,2023,REG,18,2024-01-06,Saturday,16:30,PIT,17,BAL,10,Home,-7,27,0,2024010600,59430,,202401060rav,,401547639,,6,6,-155,130,-3.0,-105,-115,34.0,-110,-110,1,outdoors,grass,38.0,15.0,00-0034771,00-0035993,Mason Rudolph,Tyler Huntley,Mike Tomlin,John Harbaugh,Brad Allen,BAL00,M&T Bank Stadium
2023_18_HOU_IND,2023,REG,18,2024-01-06,Saturday,20:15,HOU,23,IND,19,Home,-4,42,0,2024010601,59435,,202401060clt,,401547644,,6,6,-125,105,-1.5,-110,-110,47.5,-108,-112,1,closed,fieldturf,,,00-0039163,00-0035289,C.J. Stroud,Gardner Minshew,DeMeco Ryans,Shane Steichen,Bill Vinovich,IND00,Lucas Oil Stadium
2023_18_TB_CAR,2023,REG,18,2024-01-07,Sunday,13:00,TB,9,CAR,0,Home,-9,9,0,2024010705,59431,,202401070car,,401547640,,7,7,-245,200,-5.0,-105,-115,36.5,-110,-110,1,outdoors,grass,54.0,19.0,00-0034855,00-0039150,Baker Mayfield,Bryce Young,Todd Bowles,Chris Tabor,Clete Blakeman,CAR00,Bank of America Stadium
2023_18_CLE_CIN,2023,REG,18,2024-01-07,Sunday,13:00,CLE,14,CIN,31,Home,17,45,0,2024010701,59432,,202401070cin,,401547641,,10,7,285,-360,7.5,-115,-105,37.0,-112,-108,1,outdoors,fieldturf,38.0,12.0,00-0032436,00-0035100,Jeff Driskel,Jake Browning,Kevin Stefanski,Zac Taylor,Alan Eck,CIN00,Paycor Stadium
2023_18_MIN_DET,2023,REG,18,2024-01-07,Sunday,13:00,MIN,20,DET,30,Home,10,50,0,2024010703,59433,,202401070det,,401547642,,7,8,170,-205,3.5,-102,-118,47.5,-110,-110,1,dome,fieldturf,,,00-0033319,00-0033106,Nick Mullens,Jared Goff,Kevin O'Connell,Dan Campbell,Brad Rogers,DET00,Ford Field
2023_18_NYJ_NE,2023,REG,18,2024-01-07,Sunday,13:00,NYJ,17,NE,3,Home,-14,20,0,2024010704,59439,,202401070nwe,,401547648,,10,7,120,-142,2.5,-112,-108,28.5,-110,-110,1,outdoors,fieldturf,33.0,14.0,00-0032156,00-0038108,Trevor Siemian,Bailey Zappe,Robert Saleh,Bill Belichick,Land Clark,BOS00,Gillette Stadium
2023_18_ATL_NO,2023,REG,18,2024-01-07,Sunday,13:00,ATL,17,NO,48,Home,31,65,0,2024010700,59440,,202401070nor,,401547649,,7,7,145,-175,3.5,-122,102,41.5,-108,-112,1,dome,sportturf,,,00-0038122,00-0031280,Desmond Ridder,Derek Carr,Arthur Smith,Dennis Allen,John Hussey,NOR00,Mercedes-Benz Superdome
2023_18_JAX_TEN,2023,REG,18,2024-01-07,Sunday,13:00,JAX,20,TEN,28,Home,8,48,0,2024010702,59443,,202401070oti,,401547652,,7,7,-185,154,-3.5,-102,-118,41.5,-112,-108,1,outdoors,grass,41.0,11.0,00-0036971,00-0029701,Trevor Lawrence,Ryan Tannehill,Doug Pederson,Mike Vrabel,Tra Blake,NAS00,Nissan Stadium
2023_18_SEA_ARI,2023,REG,18,2024-01-07,Sunday,16:25,SEA,21,ARI,20,Home,-1,41,0,2024010712,59429,,202401070crd,,401547638,,7,7,-155,130,-2.5,-122,102,48.0,-110,-110,1,closed,grass,,,00-0030565,00-0035228,Geno Smith,Kyler Murray,Pete Carroll,Jonathan Gannon,Adrian Hill,PHO00,State Farm Stadium
2023_18_CHI_GB,2023,REG,18,2024-01-07,Sunday,16:25,CHI,9,GB,17,Home,8,26,0,2024010706,59434,,202401070gnb,,401547643,,7,7,124,-148,2.5,-102,-118,45.5,-108,-112,1,outdoors,grass,34.0,7.0,00-0036945,00-0036264,Justin Fields,Jordan Love,Matt Eberflus,Matt LaFleur,Carl Cheffers,GNB00,Lambeau Field
2023_18_KC_LAC,2023,REG,18,2024-01-07,Sunday,16:25,KC,13,LAC,12,Home,-1,25,0,2024010709,59436,,202401070sdg,,401547645,,7,7,154,-185,3.5,-115,-105,35.0,-108,-115,1,dome,matrixturf,,,00-0027948,00-0035282,Blaine Gabbert,Easton Stick,Andy Reid,Giff Smith,Scott Novak,LAX01,SoFi Stadium
2023_18_DEN_LV,2023,REG,18,2024-01-07,Sunday,16:25,DEN,14,LV,27,Home,13,41,0,2024010708,59437,,202401070rai,,401547646,,7,7,145,-175,3.5,-118,-102,37.5,-115,-105,1,dome,grass,,,00-0035264,00-0038579,Jarrett Stidham,Aidan O'Connell,Sean Payton,Antonio Pierce,Shawn Hochuli,VEG00,Allegiant Stadium
2023_18_PHI_NYG,2023,REG,18,2024-01-07,Sunday,16:25,PHI,10,NYG,27,Home,17,37,0,2024010711,59441,,202401070nyg,,401547650,,7,7,-238,190,-4.5,-112,-108,43.0,-105,-115,1,outdoors,fieldturf,36.0,12.0,00-0036389,00-0028118,Jalen Hurts,Tyrod Taylor,Nick Sirianni,Brian Daboll,Craig Wrolstad,NYC01,MetLife Stadium
2023_18_LA_SF,2023,REG,18,2024-01-07,Sunday,16:25,LA,21,SF,20,Home,-1,41,0,2024010710,59442,,202401070sfo,,401547651,,7,7,200,-245,5.5,-108,-112,40.0,-108,-112,1,outdoors,grass,52.0,11.0,00-0032950,00-0034869,Carson Wentz,Sam Darnold,Sean McVay,Kyle Shanahan,Clay Martin,SFO01,Levi's Stadium
2023_18_DAL_WAS,2023,REG,18,2024-01-07,Sunday,16:25,DAL,38,WAS,10,Home,-28,48,0,2024010707,59444,,202401070was,,401547653,,8,7,-850,575,-13.0,-115,-105,47.5,-110,-110,1,outdoors,grass,48.0,13.0,00-0033077,00-0037077,Dak Prescott,Sam Howell,Mike McCarthy,Ron Rivera,Shawn Smith,WAS00,FedExField
2023_18_BUF_MIA,2023,REG,18,2024-01-07,Sunday,20:20,BUF,21,MIA,14,Home,-7,35,0,2024010713,59438,,202401070mia,,401547647,,7,7,-155,130,-2.5,-125,105,47.5,-110,-110,1,outdoors,grass,63.0,6.0,00-0034857,00-0036212,Josh Allen,Tua Tagovailoa,Sean McDermott,Mike McDaniel,Alex Kemp,MIA00,Hard Rock Stadium
2024_01_BAL_KC,2024,REG,1,2024-09-05,Thursday,20:20,BAL,20,KC,27,Home,7,47,0,2024090500,59508,,202409050kan,,401671789,6449.0,7,7,124,-148,3.0,-118,-102,46.0,-110,-110,0,outdoors,grass,67.0,8.0,00-0034796,00-0033873,Lamar Jackson,Patrick Mahomes,John Harbaugh,Andy Reid,Shawn Hochuli,KAN00,GEHA Field at Arrowhead Stadium
2024_01_GB_PHI,2024,REG,1,2024-09-06,Friday,20:15,GB,29,PHI,34,Neutral,5,63,0,2024090600,59509,,202409060phi,,401671805,6450.0,7,7,110,-130,2.0,-110,-110,49.5,-112,-108,0,outdoors,,,,00-0036264,00-0036389,Jordan Love,Jalen Hurts,Matt LaFleur,Nick Sirianni,Ron Torbert,SAO00,Arena Corinthians
2024_01_PIT_ATL,2024,REG,1,2024-09-08,Sunday,13:00,PIT,18,ATL,10,Home,-8,28,0,2024090800,59510,,202409080atl,,401671744,6451.0,7,7,160,-192,4.0,-110,-110,43.0,-115,-105,0,closed,fieldturf,,,00-0036945,00-0029604,Justin Fields,Kirk Cousins,Mike Tomlin,Raheem Morris,Brad Rogers,ATL97,Mercedes-Benz Stadium
2024_01_ARI_BUF,2024,REG,1,2024-09-08,Sunday,13:00,ARI,28,BUF,34,Home,6,62,0,2024090801,59511,,202409080buf,,401671617,6452.0,7,7,250,-310,6.5,-105,-115,46.0,-112,-108,0,outdoors,a_turf,61.0,20.0,00-0035228,00-0034857,Kyler Murray,Josh Allen,Jonathan Gannon,Sean McDermott,Tra Blake,BUF00,New Era Field
2024_01_TEN_CHI,2024,REG,1,2024-09-08,Sunday,13:00,TEN,17,CHI,24,Home,7,41,0,2024090802,59512,,202409080chi,,401671719,6453.0,7,7,164,-198,4.0,-108,-112,43.0,-110,-110,0,outdoors,grass,67.0,8.0,00-0039152,00-0039918,Will Levis,Caleb Williams,Brian Callahan,Matt Eberflus,Shawn Smith,CHI98,Soldier Field
2024_01_NE_CIN,2024,REG,1,2024-09-08,Sunday,13:00,NE,16,CIN,10,Home,-6,26,0,2024090803,59513,,202409080cin,,401671628,6454.0,7,7,295,-375,8.0,-110,-110,40.5,-112,-108,0,outdoors,fieldturf,66.0,5.0,00-0033119,00-0036442,Jacoby Brissett,Joe Burrow,Jerod Mayo,Zac Taylor,Land Clark,CIN00,Paycor Stadium
2024_01_HOU_IND,2024,REG,1,2024-09-08,Sunday,13:00,HOU,29,IND,27,Home,-2,56,0,2024090804,59514,,202409080clt,,401671861,6455.0,7,7,-155,130,-3.0,-108,-112,49.0,-112,-108,1,closed,fieldturf,,,00-0039163,00-0039164,C.J. Stroud,Anthony Richardson,DeMeco Ryans,Shane Steichen,John Hussey,IND00,Lucas Oil Stadium
2024_01_JAX_MIA,2024,REG,1,2024-09-08,Sunday,13:00,JAX,17,MIA,20,Home,3,37,0,2024090805,59515,,202409080mia,,401671849,6456.0,7,7,150,-180,3.5,-110,-110,49.5,-112,-108,0,outdoors,grass,91.0,10.0,00-0036971,00-0036212,Trevor Lawrence,Tua Tagovailoa,Doug Pederson,Mike McDaniel,Craig Wrolstad,MIA00,Hard Rock Stadium
2024_01_CAR_NO,2024,REG,1,2024-09-08,Sunday,13:00,CAR,10,NO,47,Home,37,57,0,2024090806,59516,,202409080nor,,401671734,6457.0,7,7,160,-192,3.5,-108,-112,41.5,-112,-108,1,dome,sportturf,,,00-0039150,00-0031280,Bryce Young,Derek Carr,Dave Canales,Dennis Allen,Alan Eck,NOR00,Mercedes-Benz Superdome
2024_01_MIN_NYG,2024,REG,1,2024-09-08,Sunday,13:00,MIN,28,NYG,6,Home,-22,34,0,2024090807,59517,,202409080nyg,,401671712,6458.0,7,7,-115,-105,-1.0,-108,-112,42.5,-108,-112,0,outdoors,fieldturf,64.0,10.0,00-0034869,00-0035710,Sam Darnold,Daniel Jones,Kevin O'Connell,Brian Daboll,Alex Kemp,NYC01,MetLife Stadium
2024_01_LV_LAC,2024,REG,1,2024-09-08,Sunday,16:05,LV,10,LAC,22,Home,12,32,0,2024090808,59518,,202409080sdg,,401671659,6459.0,7,7,130,-155,3.0,-118,-102,41.0,-108,-112,1,dome,matrixturf,,,00-0035289,00-0036355,Gardner Minshew,Justin Herbert,Antonio Pierce,Jim Harbaugh,Scott Novak,LAX01,SoFi Stadium
2024_01_DEN_SEA,2024,REG,1,2024-09-08,Sunday,16:05,DEN,20,SEA,26,Home,6,46,0,2024090809,59519,,202409080sea,,401671664,6460.0,7,7,225,-278,6.5,-110,-110,42.0,-108,-112,0,outdoors,fieldturf,65.0,7.0,00-0039732,00-0030565,Bo Nix,Geno Smith,Sean Payton,Mike Macdonald,Brad Allen,SEA00,Lumen Field
2024_01_DAL_CLE,2024,REG,1,2024-09-08,Sunday,16:25,DAL,33,CLE,17,Home,-16,50,0,2024090810,59520,,202409080cle,,401671761,6461.0,7,7,110,-130,2.5,-112,-108,42.0,-108,-112,0,outdoors,grass,69.0,17.0,00-0033077,00-0033537,Dak Prescott,Deshaun Watson,Mike McCarthy,Kevin Stefanski,Clete Blakeman,CLE00,FirstEnergy Stadium
2024_01_WAS_TB,2024,REG,1,2024-09-08,Sunday,16:25,WAS,20,TB,37,Home,17,57,0,2024090811,59521,,202409080tam,,401671770,6462.0,7,7,164,-198,4.0,-112,-108,42.0,-110,-110,0,outdoors,grass,93.0,6.0,00-0039910,00-0034855,Jayden Daniels,Baker Mayfield,Dan Quinn,Todd Bowles,Bill Vinovich,TAM00,Raymond James Stadium
2024_01_LA_DET,2024,REG,1,2024-09-08,Sunday,20:20,LA,20,DET,26,Home,6,46,1,2024090812,59522,,202409080det,,401671792,6463.0,7,7,185,-225,5.0,-108,-112,54.0,-112,-108,0,dome,fieldturf,,,00-0026498,00-0033106,Matthew Stafford,Jared Goff,Sean McVay,Dan Campbell,Adrian Hill,DET00,Ford Field
2024_01_NYJ_SF,2024,REG,1,2024-09-09,Monday,20:15,NYJ,19,SF,32,Home,13,51,0,2024090900,59523,,202409090sfo,,401671696,6464.0,7,7,150,-180,3.5,-115,-105,43.0,-108,-112,0,outdoors,grass,76.0,10.0,00-0023459,00-0037834,Aaron Rodgers,Brock Purdy,Robert Saleh,Kyle Shanahan,Carl Cheffers,SFO01,Levi's Stadium
2024_02_BUF_MIA,2024,REG,2,2024-09-12,Thursday,20:15,BUF,31,MIA,10,Home,-21,41,0,2024091200,59524,,202409120mia,,401671807,6465.0,4,4,114,-135,2.5,-110,-110,48.5,-105,-115,1,outdoors,grass,86.0,3.0,00-0034857,00-0036212,Josh Allen,Tua Tagovailoa,Sean McDermott,Mike McDaniel,Bill Vinovich,MIA00,Hard Rock Stadium
2024_02_LV_BAL,2024,REG,2,2024-09-15,Sunday,13:00,LV,26,BAL,23,Home,-3,49,0,2024091500,59525,,202409150rav,,401671624,6466.0,7,10,350,-455,9.0,-112,-108,41.0,-108,-112,0,outdoors,grass,76.0,10.0,00-0035289,00-0034796,Gardner Minshew,Lamar Jackson,Antonio Pierce,John Harbaugh,Tra Blake,BAL00,M&T Bank Stadium
2024_02_LAC_CAR,2024,REG,2,2024-09-15,Sunday,13:00,LAC,26,CAR,3,Home,-23,29,0,2024091501,59526,,202409150car,,401671652,6467.0,7,7,-225,185,-5.0,-110,-110,39.0,-112,-108,0,outdoors,grass,78.0,13.0,00-0036355,00-0039150,Justin Herbert,Bryce Young,Jim Harbaugh,Dave Canales,Brad Rogers,CAR00,Bank of America Stadium
2024_02_NO_DAL,2024,REG,2,2024-09-15,Sunday,13:00,NO,44,DAL,19,Home,-25,63,0,2024091502,59527,,202409150dal,,401671709,6468.0,7,7,235,-290,6.5,-112,-108,47.0,-108,-112,0,closed,matrixturf,,,00-0031280,00-0033077,Derek Carr,Dak Prescott,Dennis Allen,Mike McCarthy,Adrian Hill,DAL00,AT&T Stadium
2024_02_TB_DET,2024,REG,2,2024-09-15,Sunday,13:00,TB,20,DET,16,Home,-4,36,0,2024091503,59528,,202409150det,,401671721,6469.0,7,7,295,-375,7.5,-108,-112,51.5,-112,-108,0,dome,fieldturf,,,00-0034855,00-0033106,Baker Mayfield,Jared Goff,Todd Bowles,Dan Campbell,Clay Martin,DET00,Ford Field
2024_02_IND_GB,2024,REG,2,2024-09-15,Sunday,13:00,IND,10,GB,16,Home,6,26,0,2024091504,59529,,202409150gnb,,401671723,6470.0,7,9,-142,120,-3.0,-102,-118,41.5,-110,-110,0,outdoors,grass,85.0,7.0,00-0039164,00-0038128,Anthony Richardson,Malik Willis,Shane Steichen,Matt LaFleur,Shawn Hochuli,GNB00,Lambeau Field
2024_02_CLE_JAX,2024,REG,2,2024-09-15,Sunday,13:00,CLE,18,JAX,13,Home,-5,31,0,2024091505,59530,,202409150jax,,401671635,6471.0,7,7,142,-170,3.0,100,-120,41.5,-108,-112,0,outdoors,grass,80.0,12.0,00-0033537,00-0036971,Deshaun Watson,Trevor Lawrence,Kevin Stefanski,Doug Pederson,Adrian Hill,JAX00,TIAA Bank Stadium
2024_02_SF_MIN,2024,REG,2,2024-09-15,Sunday,13:00,SF,17,MIN,23,Home,6,40,0,2024091506,59531,,202409150min,,401671645,6472.0,6,7,-218,180,-4.5,-112,-108,46.5,-108,-112,0,dome,sportturf,,,00-0037834,00-0034869,Brock Purdy,Sam Darnold,Kyle Shanahan,Kevin O'Connell,Brad Allen,MIN01,U.S. Bank Stadium
2024_02_SEA_NE,2024,REG,2,2024-09-15,Sunday,13:00,SEA,23,NE,20,Home,-3,43,1,2024091507,59532,,202409150nwe,,401671702,6473.0,7,7,-170,142,-3.5,-102,-118,39.0,-110,-110,0,outdoors,fieldturf,77.0,5.0,00-0030565,00-0033119,Geno Smith,Jacoby Brissett,Mike Macdonald,Jerod Mayo,Carl Cheffers,BOS00,Gillette Stadium
2024_02_NYJ_TEN,2024,REG,2,2024-09-15,Sunday,13:00,NYJ,24,TEN,17,Home,-7,41,0,2024091508,59533,,202409150oti,,401671636,6474.0,6,7,-180,150,-3.5,-112,-108,41.5,-112,-108,0,outdoors,grass,80.0,13.0,00-0023459,00-0039152,Aaron Rodgers,Will Levis,Robert Saleh,Brian Callahan,Alan Eck,NAS00,Nissan Stadium
2024_02_NYG_WAS,2024,REG,2,2024-09-15,Sunday,13:00,NYG,18,WAS,21,Home,3,39,0,2024091509,59534,,202409150was,,401671716,6475.0,7,7,105,-125,1.5,-108,-112,42.5,-105,-115,1,outdoors,grass,82.0,11.0,00-0035710,00-0039910,Daniel Jones,Jayden Daniels,Brian Daboll,Dan Quinn,Scott Novak,WAS00,FedExField
2024_02_LA_ARI,2024,REG,2,2024-09-15,Sunday,16:05,LA,10,ARI,41,Home,31,51,0,2024091510,59535,,202409150crd,,401671754,6476.0,7,7,-112,-108,-1.0,-105,-115,47.5,-118,-102,1,closed,grass,,,00-0026498,00-0035228,Matthew Stafford,Kyler Murray,Sean McVay,Jonathan Gannon,John Hussey,PHO00,State Farm Stadium
2024_02_PIT_DEN,2024,REG,2,2024-09-15,Sunday,16:25,PIT,13,DEN,6,Home,-7,19,0,2024091511,59536,,202409150den,,401671668,6477.0,7,7,-155,130,-3.0,-102,-118,36.5,-112,-108,0,outdoors,grass,83.0,4.0,00-0036945,00-0039732,Justin Fields,Bo Nix,Mike Tomlin,Sean Payton,Clete Blakeman,DEN00,Empower Field at Mile High
2024_02_CIN_KC,2024,REG,2,2024-09-15,Sunday,16:25,CIN,25,KC,26,Home,1,51,0,2024091512,59537,,202409150kan,,401671670,6478.0,7,10,235,-290,6.5,-105,-115,47.5,-108,-112,0,outdoors,grass,89.0,8.0,00-0036442,00-0033873,Joe Burrow,Patrick Mahomes,Zac Taylor,Andy Reid,Alex Kemp,KAN00,GEHA Field at Arrowhead Stadium
2024_02_CHI_HOU,2024,REG,2,2024-09-15,Sunday,20:20,CHI,13,HOU,19,Home,6,32,0,2024091513,59538,,202409150htx,,401671786,6479.0,7,7,210,-258,6.0,-108,-112,45.5,-105,-115,0,closed,astroturf,,,00-0039918,00-0039163,Caleb Williams,C.J. Stroud,Matt Eberflus,DeMeco Ryans,Land Clark,HOU00,NRG Stadium
2024_02_ATL_PHI,2024,REG,2,2024-09-16,Monday,20:15,ATL,22,PHI,21,Home,-1,43,0,2024091600,59539,,202409160phi,,401671691,6480.0,8,10,215,-265,5.5,-105,-115,46.5,-110,-110,0,outdoors,grass,71.0,9.0,00-0029604,00-0036389,Kirk Cousins,Jalen Hurts,Raheem Morris,Nick Sirianni,Craig Wrolstad,PHI00,Lincoln Financial Field
2024_03_NE_NYJ,2024,REG,3,2024-09-19,Thursday,20:15,NE,3,NYJ,24,Home,21,27,0,2024091900,59540,,202409190nyj,,401671808,6481.0,4,4,230,-285,6.5,-110,-110,39.0,-108,-112,1,outdoors,fieldturf,75.0,5.0,00-0033119,00-0023459,Jacoby Brissett,Aaron Rodgers,Jerod Mayo,Robert Saleh,John Hussey,NYC01,MetLife Stadium
2024_03_NYG_CLE,2024,REG,3,2024-09-22,Sunday,13:00,NYG,21,CLE,15,Home,-6,36,0,2024092200,59541,,202409220cle,,401671855,6482.0,7,7,220,-270,6.5,-112,-108,38.0,-108,-112,0,outdoors,grass,76.0,4.0,00-0035710,00-0033537,Daniel Jones,Deshaun Watson,Brian Daboll,Kevin Stefanski,Craig Wrolstad,CLE00,FirstEnergy Stadium
2024_03_CHI_IND,2024,REG,3,2024-09-22,Sunday,13:00,CHI,16,IND,21,Home,5,37,0,2024092201,59542,,202409220clt,,401671865,6483.0,7,7,105,-125,1.5,-108,-112,43.0,-105,-115,0,closed,fieldturf,,,00-0039918,00-0039164,Caleb Williams,Anthony Richardson,Matt Eberflus,Shane Steichen,Adrian Hill,IND00,Lucas Oil Stadium
2024_03_HOU_MIN,2024,REG,3,2024-09-22,Sunday,13:00,HOU,7,MIN,34,Home,27,41,0,2024092202,59543,,202409220min,,401671646,6484.0,7,7,-135,114,-2.0,-112,-108,46.0,-108,-112,0,dome,sportturf,,,00-0039163,00-0034869,C.J. Stroud,Sam Darnold,DeMeco Ryans,Kevin O'Connell,Shawn Hochuli,MIN01,U.S. Bank Stadium
2024_03_PHI_NO,2024,REG,3,2024-09-22,Sunday,13:00,PHI,15,NO,12,Home,-3,27,0,2024092203,59544,,202409220nor,,401671736,6485.0,6,7,120,-142,2.5,-105,-115,49.0,-110,-110,0,dome,sportturf,,,00-0036389,00-0031280,Jalen Hurts,Derek Carr,Nick Sirianni,Dennis Allen,Scott Novak,NOR00,Mercedes-Benz Superdome
2024_03_LAC_PIT,2024,REG,3,2024-09-22,Sunday,13:00,LAC,10,PIT,20,Home,10,30,0,2024092204,59545,,202409220pit,,401671632,6486.0,7,7,124,-148,3.0,-118,-102,36.0,-115,-105,0,outdoors,grass,72.0,2.0,00-0036355,00-0036945,Justin Herbert,Justin Fields,Jim Harbaugh,Mike Tomlin,Alex Kemp,PIT00,Acrisure Stadium
2024_03_DEN_TB,2024,REG,3,2024-09-22,Sunday,13:00,DEN,26,TB,7,Home,-19,33,0,2024092205,59546,,202409220tam,,401671741,6487.0,7,7,200,-245,6.0,-112,-108,40.5,-108,-112,0,outdoors,grass,85.0,6.0,00-0039732,00-0034855,Bo Nix,Baker Mayfield,Sean Payton,Todd Bowles,Alan Eck,TAM00,Raymond James Stadium
2024_03_GB_TEN,2024,REG,3,2024-09-22,Sunday,13:00,GB,30,TEN,14,Home,-16,44,0,2024092206,59547,,202409220oti,,401671823,6488.0,7,7,136,-162,3.0,-112,-108,37.0,-108,-112,0,outdoors,grass,87.0,7.0,00-0038128,00-0039152,Malik Willis,Will Levis,Matt LaFleur,Brian Callahan,Clay Martin,NAS00,Nissan Stadium
2024_03_CAR_LV,2024,REG,3,2024-09-22,Sunday,16:05,CAR,36,LV,22,Home,-14,58,0,2024092207,59548,,202409220rai,,401671658,6489.0,7,7,200,-245,5.5,-110,-110,40.0,-108,-112,0,dome,grass,,,00-0027973,00-0035289,Andy Dalton,Gardner Minshew,Dave Canales,Antonio Pierce,Bill Vinovich,VEG00,Allegiant Stadium
2024_03_MIA_SEA,2024,REG,3,2024-09-22,Sunday,16:05,MIA,3,SEA,24,Home,21,27,0,2024092208,59549,,202409220sea,,401671662,6490.0,10,7,170,-205,4.0,-110,-110,41.5,-110,-110,0,outdoors,fieldturf,64.0,2.0,00-0037327,00-0030565,Skylar Thompson,Geno Smith,Mike McDaniel,Mike Macdonald,Land Clark,SEA00,Lumen Field
2024_03_DET_ARI,2024,REG,3,2024-09-22,Sunday,16:25,DET,20,ARI,13,Home,-7,33,0,2024092209,59550,,202409220crd,,401671771,6491.0,7,7,-148,124,-3.0,-102,-118,51.5,-112,-108,0,closed,grass,,,00-0033106,00-0035228,Jared Goff,Kyler Murray,Dan Campbell,Jonathan Gannon,Brad Rogers,PHO00,State Farm Stadium
2024_03_BAL_DAL,2024,REG,3,2024-09-22,Sunday,16:25,BAL,28,DAL,25,Home,-3,53,0,2024092210,59551,,202409220dal,,401671763,6492.0,7,7,-120,100,-1.5,-110,-110,47.5,-112,-108,0,closed,matrixturf,,,00-0034796,00-0033077,Lamar Jackson,Dak Prescott,John Harbaugh,Mike McCarthy,Ron Torbert,DAL00,AT&T Stadium
2024_03_SF_LA,2024,REG,3,2024-09-22,Sunday,16:25,SF,24,LA,27,Home,3,51,0,2024092211,59552,,202409220ram,,401671772,6493.0,7,7,-258,210,-6.0,-108,-112,44.5,-110,-110,1,dome,matrixturf,,,00-0037834,00-0026498,Brock Purdy,Matthew Stafford,Kyle Shanahan,Sean McVay,Clete Blakeman,LAX01,SoFi Stadium
2024_03_KC_ATL,2024,REG,3,2024-09-22,Sunday,20:20,KC,22,ATL,17,Home,-5,39,0,2024092212,59553,,202409220atl,,401671793,6494.0,7,6,-170,142,-3.0,-118,-102,46.0,-108,-112,0,closed,fieldturf,,,00-0033873,00-0029604,Patrick Mahomes,Kirk Cousins,Andy Reid,Raheem Morris,Tra Blake,ATL97,Mercedes-Benz Stadium
2024_03_JAX_BUF,2024,REG,3,2024-09-23,Monday,19:30,JAX,10,BUF,47,Home,37,57,0,2024092300,59554,,202409230buf,,401671682,6495.0,8,11,180,-218,4.0,-108,-112,46.5,-110,-110,0,outdoors,a_turf,68.0,5.0,00-0036971,00-0034857,Trevor Lawrence,Josh Allen,Doug Pederson,Sean McDermott,Shawn Smith,BUF00,New Era Field
2024_03_WAS_CIN,2024,REG,3,2024-09-23,Monday,20:15,WAS,38,CIN,33,Home,-5,71,0,2024092301,59555,,202409230cin,,401671490,6496.0,8,8,280,-355,7.5,-115,-105,46.0,-112,-108,0,outdoors,fieldturf,69.0,5.0,00-0039910,00-0036442,Jayden Daniels,Joe Burrow,Dan Quinn,Zac Taylor,Brad Allen,CIN00,Paycor Stadium
2024_04_DAL_NYG,2024,REG,4,2024-09-26,Thursday,20:15,DAL,20,NYG,15,Home,-5,35,0,2024092600,59556,,202409260nyg,,401671812,6497.0,4,4,-250,205,-5.5,-115,-105,45.0,-112,-108,1,outdoors,fieldturf,74.0,3.0,00-0033077,00-0035710,Dak Prescott,Daniel Jones,Mike McCarthy,Brian Daboll,Clay Martin,NYC01,MetLife Stadium
2024_04_NO_ATL,2024,REG,4,2024-09-29,Sunday,13:00,NO,24,ATL,26,Home,2,50,0,2024092900,59557,,202409290atl,,401671727,6498.0,7,7,120,-142,2.5,-105,-115,41.5,-112,-108,1,closed,fieldturf,,,00-0031280,00-0029604,Derek Carr,Kirk Cousins,Dennis Allen,Raheem Morris,John Hussey,ATL97,Mercedes-Benz Stadium
2024_04_CIN_CAR,2024,REG,4,2024-09-29,Sunday,13:00,CIN,34,CAR,24,Home,-10,58,0,2024092901,59558,,202409290car,,401671745,6499.0,6,7,-205,170,-4.5,-112,-108,47.0,-108,-112,0,outdoors,grass,78.0,6.0,00-0036442,00-0027973,Joe Burrow,Andy Dalton,Zac Taylor,Dave Canales,Adrian Hill,CAR00,Bank of America Stadium
2024_04_LA_CHI,2024,REG,4,2024-09-29,Sunday,13:00,LA,18,CHI,24,Home,6,42,0,2024092902,59559,,202409290chi,,401671871,6500.0,7,7,136,-162,3.0,-112,-108,40.0,-105,-115,0,outdoors,grass,70.0,16.0,00-0026498,00-0039918,Matthew Stafford,Caleb Williams,Sean McVay,Matt Eberflus,Brad Rogers,CHI98,Soldier Field
2024_04_MIN_GB,2024,REG,4,2024-09-29,Sunday,13:00,MIN,31,GB,29,Home,-2,60,0,2024092903,59560,,202409290gnb,,401671643,6501.0,7,7,114,-135,2.5,-102,-118,44.0,-112,-108,1,outdoors,grass,71.0,15.0,00-0034869,00-0036264,Sam Darnold,Jordan Love,Kevin O'Connell,Matt LaFleur,Bill Vinovich,GNB00,Lambeau Field
2024_04_JAX_HOU,2024,REG,4,2024-09-29,Sunday,13:00,JAX,20,HOU,24,Home,4,44,0,2024092904,59561,,202409290htx,,401671857,6502.0,6,7,195,-238,5.5,-108,-112,44.5,-108,-112,1,closed,astroturf,,,00-0036971,00-0039163,Trevor Lawrence,C.J. Stroud,Doug Pederson,DeMeco Ryans,Tra Blake,HOU00,NRG Stadium
2024_04_PIT_IND,2024,REG,4,2024-09-29,Sunday,13:00,PIT,24,IND,27,Home,3,51,0,2024092905,59562,,202409290clt,,401671867,6503.0,7,7,-130,110,-2.5,-108,-112,40.0,-110,-110,0,closed,fieldturf,,,00-0036945,00-0039164,Justin Fields,Anthony Richardson,Mike Tomlin,Shane Steichen,Land Clark,IND00,Lucas Oil Stadium
2024_04_DEN_NYJ,2024,REG,4,2024-09-29,Sunday,13:00,DEN,10,NYJ,9,Home,-1,19,0,2024092906,59563,,202409290nyj,,401671622,6504.0,7,10,330,-425,7.5,-108,-112,39.5,-112,-108,0,outdoors,fieldturf,67.0,8.0,00-0039732,00-0023459,Bo Nix,Aaron Rodgers,Sean Payton,Robert Saleh,Ron Torbert,NYC01,MetLife Stadium
2024_04_PHI_TB,2024,REG,4,2024-09-29,Sunday,13:00,PHI,16,TB,33,Home,17,49,0,2024092907,59564,,202409290tam,,401671740,6505.0,7,7,-115,-105,-1.0,-110,-110,42.0,-108,-112,0,outdoors,grass,88.0,9.0,00-0036389,00-0034855,Jalen Hurts,Baker Mayfield,Nick Sirianni,Todd Bowles,Carl Cheffers,TAM00,Raymond James Stadium
2024_04_WAS_ARI,2024,REG,4,2024-09-29,Sunday,16:05,WAS,42,ARI,14,Home,-28,56,0,2024092908,59565,,202409290crd,,401671755,6506.0,6,7,150,-180,3.5,-115,-105,49.0,-112,-108,0,closed,grass,,,00-0039910,00-0035228,Jayden Daniels,Kyler Murray,Dan Quinn,Jonathan Gannon,Craig Wrolstad,PHO00,State Farm Stadium
2024_04_NE_SF,2024,REG,4,2024-09-29,Sunday,16:05,NE,13,SF,30,Home,17,43,0,2024092909,59566,,202409290sfo,,401671758,6507.0,10,7,410,-550,10.5,-112,-108,41.5,-110,-110,0,outdoors,grass,71.0,5.0,00-0033119,00-0037834,Jacoby Brissett,Brock Purdy,Jerod Mayo,Kyle Shanahan,Scott Novak,SFO01,Levi's Stadium
2024_04_KC_LAC,2024,REG,4,2024-09-29,Sunday,16:25,KC,17,LAC,10,Home,-7,27,0,2024092910,59567,,202409290sdg,,401671674,6508.0,7,7,-345,275,-7.5,-108,-112,41.5,-108,-112,1,dome,matrixturf,,,00-0033873,00-0036355,Patrick Mahomes,Justin Herbert,Andy Reid,Jim Harbaugh,Shawn Smith,LAX01,SoFi Stadium
2024_04_CLE_LV,2024,REG,4,2024-09-29,Sunday,16:25,CLE,16,LV,20,Home,4,36,0,2024092911,59568,,202409290rai,,401671672,6509.0,7,7,-135,114,-2.5,-115,-105,36.5,-108,-112,0,dome,grass,,,00-0033537,00-0035289,Deshaun Watson,Gardner Minshew,Kevin Stefanski,Antonio Pierce,Brad Allen,VEG00,Allegiant Stadium
2024_04_BUF_BAL,2024,REG,4,2024-09-29,Sunday,20:20,BUF,10,BAL,35,Home,25,45,0,2024092912,59569,,202409290rav,,401671783,6510.0,6,7,114,-135,2.5,-108,-112,46.5,-110,-110,0,outdoors,grass,68.0,8.0,00-0034857,00-0034796,Josh Allen,Lamar Jackson,Sean McDermott,John Harbaugh,Alan Eck,BAL00,M&T Bank Stadium
2024_04_TEN_MIA,2024,REG,4,2024-09-30,Monday,19:30,TEN,31,MIA,12,Home,-19,43,0,2024093000,59570,,202409300mia,,401671683,6511.0,8,8,114,-135,2.5,-108,-112,37.0,-110,-110,0,outdoors,grass,86.0,9.0,00-0039152,00-0035993,Will Levis,Tyler Huntley,Brian Callahan,Mike McDaniel,Clete Blakeman,MIA00,Hard Rock Stadium
2024_04_SEA_DET,2024,REG,4,2024-09-30,Monday,20:15,SEA,29,DET,42,Home,13,71,0,2024093001,59571,,202409300det,,401671491,6512.0,8,8,154,-185,3.5,-108,-112,46.5,-108,-112,0,dome,fieldturf,,,00-0030565,00-0033106,Geno Smith,Jared Goff,Mike Macdonald,Dan Campbell,Alex Kemp,DET00,Ford Field
2024_05_TB_ATL,2024,REG,5,2024-10-03,Thursday,20:15,TB,30,ATL,36,Home,6,66,1,2024100300,59572,,202410030atl,,401671815,6513.0,4,4,120,-142,2.5,-102,-118,44.0,-110,-110,1,closed,fieldturf,,,00-0034855,00-0029604,Baker Mayfield,Kirk Cousins,Todd Bowles,Raheem Morris,Ron Torbert,ATL97,Mercedes-Benz Stadium
2024_05_NYJ_MIN,2024,REG,5,2024-10-06,Sunday,09:30,NYJ,17,MIN,23,Neutral,6,40,0,2024100600,59573,,202410060min,,401671804,6514.0,7,7,120,-142,2.5,-105,-115,42.0,-112,-108,0,outdoors,grass,59.0,8.0,00-0023459,00-0034869,Aaron Rodgers,Sam Darnold,Robert Saleh,Kevin O'Connell,Scott Novak,LON02,Tottenham Stadium
2024_05_CAR_CHI,2024,REG,5,2024-10-06,Sunday,13:00,CAR,10,CHI,36,Home,26,46,0,2024100601,59574,,202410060chi,,401671872,6515.0,7,7,164,-198,4.0,-108,-112,40.0,-108,-112,0,outdoors,grass,74.0,7.0,00-0027973,00-0039918,Andy Dalton,Caleb Williams,Dave Canales,Matt Eberflus,Tra Blake,CHI98,Soldier Field
2024_05_BAL_CIN,2024,REG,5,2024-10-06,Sunday,13:00,BAL,41,CIN,38,Home,-3,79,1,2024100602,59575,,202410060cin,,401671626,6516.0,7,7,-148,124,-2.5,-118,-102,48.5,-112,-108,1,outdoors,fieldturf,81.0,10.0,00-0034796,00-0036442,Lamar Jackson,Joe Burrow,John Harbaugh,Zac Taylor,Bill Vinovich,CIN00,Paycor Stadium
2024_05_BUF_HOU,2024,REG,5,2024-10-06,Sunday,13:00,BUF,20,HOU,23,Home,3,43,0,2024100603,59576,,202410060htx,,401671859,6517.0,7,7,-102,-118,1.0,-108,-112,48.0,-110,-110,0,closed,astroturf,,,00-0034857,00-0039163,Josh Allen,C.J. Stroud,Sean McDermott,DeMeco Ryans,Clay Martin,HOU00,NRG Stadium
2024_05_IND_JAX,2024,REG,5,2024-10-06,Sunday,13:00,IND,34,JAX,37,Home,3,71,0,2024100604,59577,,202410060jax,,401671633,6518.0,7,7,154,-185,3.5,-110,-110,45.0,-110,-110,1,outdoors,grass,74.0,4.0,00-0026158,00-0036971,Joe Flacco,Trevor Lawrence,Shane Steichen,Doug Pederson,Carl Cheffers,JAX00,TIAA Bank Stadium
2024_05_MIA_NE,2024,REG,5,2024-10-06,Sunday,13:00,MIA,15,NE,10,Home,-5,25,0,2024100605,59578,,202410060nwe,,401671700,6519.0,6,7,-130,110,-2.0,-112,-108,37.0,-108,-112,1,outdoors,fieldturf,65.0,2.0,00-0035993,00-0033119,Tyler Huntley,Jacoby Brissett,Mike McDaniel,Jerod Mayo,Adrian Hill,BOS00,Gillette Stadium
2024_05_CLE_WAS,2024,REG,5,2024-10-06,Sunday,13:00,CLE,13,WAS,34,Home,21,47,0,2024100606,59579,,202410060was,,401671718,6520.0,7,7,130,-155,3.0,-112,-108,44.0,-112,-108,0,outdoors,grass,73.0,5.0,00-0033537,00-0039910,Deshaun Watson,Jayden Daniels,Kevin Stefanski,Dan Quinn,Alan Eck,WAS00,FedExField
2024_05_LV_DEN,2024,REG,5,2024-10-06,Sunday,16:05,LV,18,DEN,34,Home,16,52,0,2024100607,59580,,202410060den,,401671747,6521.0,7,7,130,-155,3.0,-112,-108,36.0,-108,-112,1,outdoors,grass,73.0,7.0,00-0035289,00-0039732,Gardner Minshew,Bo Nix,Antonio Pierce,Sean Payton,Craig Wrolstad,DEN00,Empower Field at Mile High
2024_05_ARI_SF,2024,REG,5,2024-10-06,Sunday,16:05,ARI,24,SF,23,Home,-1,47,0,2024100608,59581,,202410060sfo,,401671756,6522.0,7,7,260,-325,7.0,-105,-115,48.5,-108,-112,1,outdoors,grass,89.0,3.0,00-0035228,00-0037834,Kyler Murray,Brock Purdy,Jonathan Gannon,Kyle Shanahan,Land Clark,SFO01,Levi's Stadium
2024_05_GB_LA,2024,REG,5,2024-10-06,Sunday,16:25,GB,24,LA,19,Home,-5,43,0,2024100609,59582,,202410060ram,,401671679,6523.0,7,7,-155,130,-3.0,-112,-108,49.5,-112,-108,0,dome,matrixturf,,,00-0036264,00-0026498,Jordan Love,Matthew Stafford,Matt LaFleur,Sean McVay,Brad Allen,LAX01,SoFi Stadium
2024_05_NYG_SEA,2024,REG,5,2024-10-06,Sunday,16:25,NYG,29,SEA,20,Home,-9,49,0,2024100610,59583,,202410060sea,,401671680,6524.0,10,6,250,-310,7.0,-112,-108,42.5,-110,-110,0,outdoors,fieldturf,61.0,3.0,00-0035710,00-0030565,Daniel Jones,Geno Smith,Brian Daboll,Mike Macdonald,Shawn Smith,SEA00,Lumen Field
2024_05_DAL_PIT,2024,REG,5,2024-10-06,Sunday,20:20,DAL,20,PIT,17,Home,-3,37,0,2024100611,59584,,202410060pit,,401671784,6525.0,10,7,114,-135,2.5,-108,-112,43.5,-108,-112,0,outdoors,grass,67.0,6.0,00-0033077,00-0036945,Dak Prescott,Justin Fields,Mike McCarthy,Mike Tomlin,Shawn Hochuli,PIT00,Acrisure Stadium
2024_05_NO_KC,2024,REG,5,2024-10-07,Monday,20:15,NO,13,KC,26,Home,13,39,0,2024100700,59585,,202410070kan,,401671687,6526.0,8,8,190,-230,5.5,-112,-108,43.0,-110,-110,0,outdoors,grass,70.0,1.0,00-0031280,00-0033873,Derek Carr,Patrick Mahomes,Dennis Allen,Andy Reid,Brad Rogers,KAN00,GEHA Field at Arrowhead Stadium
2024_06_SF_SEA,2024,REG,6,2024-10-10,Thursday,20:15,SF,36,SEA,24,Home,-12,60,0,2024101000,59586,,202410100sea,,401671819,6527.0,4,4,-198,164,-3.5,-118,-102,49.0,-110,-110,1,outdoors,fieldturf,59.0,10.0,00-0037834,00-0030565,Brock Purdy,Geno Smith,Kyle Shanahan,Mike Macdonald,Craig Wrolstad,SEA00,Lumen Field
2024_06_JAX_CHI,2024,REG,6,2024-10-13,Sunday,09:30,JAX,16,CHI,35,Neutral,19,51,0,2024101300,59587,,202410130chi,,401671802,6528.0,7,7,-120,100,-1.5,-108,-112,44.5,-108,-112,0,outdoors,grass,54.0,3.0,00-0036971,00-0039918,Trevor Lawrence,Caleb Williams,Doug Pederson,Matt Eberflus,Brad Allen,LON02,Tottenham Stadium
2024_06_WAS_BAL,2024,REG,6,2024-10-13,Sunday,13:00,WAS,23,BAL,30,Home,7,53,0,2024101301,59588,,202410130rav,,401671625,6529.0,7,7,230,-285,6.5,-108,-112,51.5,-110,-110,0,outdoors,grass,75.0,8.0,00-0039910,00-0034796,Jayden Daniels,Lamar Jackson,Dan Quinn,John Harbaugh,Land Clark,BAL00,M&T Bank Stadium
2024_06_ARI_GB,2024,REG,6,2024-10-13,Sunday,13:00,ARI,13,GB,34,Home,21,47,0,2024101302,59589,,202410130gnb,,401671722,6530.0,7,7,195,-238,5.5,-110,-110,47.0,-110,-110,0,outdoors,grass,50.0,4.0,00-0035228,00-0036264,Kyler Murray,Jordan Love,Jonathan Gannon,Matt LaFleur,Alex Kemp,GNB00,Lambeau Field
2024_06_HOU_NE,2024,REG,6,2024-10-13,Sunday,13:00,HOU,41,NE,21,Home,-20,62,0,2024101303,59590,,202410130nwe,,401671619,6531.0,7,7,-265,215,-6.5,-108,-112,38.5,-112,-108,0,outdoors,fieldturf,53.0,5.0,00-0039163,00-0039851,C.J. Stroud,Drake Maye,DeMeco Ryans,Jerod Mayo,Ron Torbert,BOS00,Gillette Stadium
2024_06_TB_NO,2024,REG,6,2024-10-13,Sunday,13:00,TB,51,NO,27,Home,-24,78,0,2024101304,59591,,202410130nor,,401671735,6532.0,10,6,-175,145,-3.5,-108,-112,42.5,-110,-110,1,dome,sportturf,,,00-0034855,00-0039376,Baker Mayfield,Spencer Rattler,Todd Bowles,Dennis Allen,Clete Blakeman,NOR00,Mercedes-Benz Superdome
2024_06_CLE_PHI,2024,REG,6,2024-10-13,Sunday,13:00,CLE,16,PHI,20,Home,4,36,0,2024101305,59592,,202410130phi,,401671714,6533.0,7,14,330,-425,8.0,-108,-112,42.0,-110,-110,0,outdoors,grass,82.0,10.0,00-0033537,00-0036389,Deshaun Watson,Jalen Hurts,Kevin Stefanski,Nick Sirianni,Shawn Hochuli,PHI00,Lincoln Financial Field
2024_06_IND_TEN,2024,REG,6,2024-10-13,Sunday,13:00,IND,20,TEN,17,Home,-3,37,0,2024101306,59593,,202410130oti,,401671820,6534.0,7,13,114,-135,2.5,-110,-110,42.0,-112,-108,1,outdoors,grass,80.0,12.0,00-0026158,00-0039152,Joe Flacco,Will Levis,Shane Steichen,Brian Callahan,Brad Rogers,NAS00,Nissan Stadium
2024_06_LAC_DEN,2024,REG,6,2024-10-13,Sunday,16:05,LAC,23,DEN,16,Home,-7,39,0,2024101307,59594,,202410130den,,401671655,6535.0,14,7,-155,130,-3.0,-105,-115,37.0,-108,-112,1,outdoors,grass,65.0,7.0,00-0036355,00-0039732,Justin Herbert,Bo Nix,Jim Harbaugh,Sean Payton,Tra Blake,DEN00,Empower Field at Mile High
2024_06_PIT_LV,2024,REG,6,2024-10-13,Sunday,16:05,PIT,32,LV,13,Home,-19,45,0,2024101308,59595,,202410130rai,,401671657,6536.0,7,7,-180,150,-3.5,-110,-110,36.5,-108,-112,0,dome,grass,,,00-0036945,00-0038579,Justin Fields,Aidan O'Connell,Mike Tomlin,Antonio Pierce,Alan Eck,VEG00,Allegiant Stadium
2024_06_ATL_CAR,2024,REG,6,2024-10-13,Sunday,16:25,ATL,38,CAR,20,Home,-18,58,0,2024101309,59596,,202410130car,,401671769,6537.0,10,7,-258,210,-6.0,-112,-108,45.5,-110,-110,1,outdoors,grass,79.0,9.0,00-0029604,00-0027973,Kirk Cousins,Andy Dalton,Raheem Morris,Dave Canales,Clay Martin,CAR00,Bank of America Stadium
2024_06_DET_DAL,2024,REG,6,2024-10-13,Sunday,16:25,DET,47,DAL,9,Home,-38,56,0,2024101310,59597,,202410130dal,,401671764,6538.0,13,7,-180,150,-3.5,-105,-115,52.5,-110,-110,0,closed,matrixturf,,,00-0033106,00-0033077,Jared Goff,Dak Prescott,Dan Campbell,Mike McCarthy,John Hussey,DAL00,AT&T Stadium
2024_06_CIN_NYG,2024,REG,6,2024-10-13,Sunday,20:20,CIN,17,NYG,7,Home,-10,24,0,2024101311,59598,,202410130nyg,,401671791,6539.0,7,7,-230,190,-4.5,-112,-108,46.0,-102,-118,0,outdoors,fieldturf,63.0,2.0,00-0036442,00-0035710,Joe Burrow,Daniel Jones,Zac Taylor,Brian Daboll,Carl Cheffers,NYC01,MetLife Stadium
2024_06_BUF_NYJ,2024,REG,6,2024-10-14,Monday,20:15,BUF,23,NYJ,20,Home,-3,43,0,2024101400,59599,,202410140nyj,,401671684,6540.0,8,8,-122,102,-1.0,-112,-108,42.0,-110,-110,1,outdoors,fieldturf,49.0,14.0,00-0034857,00-0023459,Josh Allen,Aaron Rodgers,Sean McDermott,Robert Saleh,Adrian Hill,NYC01,MetLife Stadium
2024_07_DEN_NO,2024,REG,7,2024-10-17,Thursday,20:15,DEN,33,NO,10,Home,-23,43,0,2024101700,59600,,202410170nor,,401671816,6541.0,4,4,-148,124,-2.5,-118,-102,37.0,-110,-110,0,dome,sportturf,,,00-0039732,00-0039376,Bo Nix,Spencer Rattler,Sean Payton,Dennis Allen,Land Clark,NOR00,Mercedes-Benz Superdome
2024_07_NE_JAX,2024,REG,7,2024-10-20,Sunday,09:30,NE,16,JAX,32,Neutral,16,48,0,2024102000,59601,,202410200jax,,401671801,6542.0,7,7,240,-298,6.5,-105,-115,42.0,-108,-112,0,outdoors,grass,63.0,12.0,00-0039851,00-0036971,Drake Maye,Trevor Lawrence,Jerod Mayo,Doug Pederson,Brad Rogers,LON00,Wembley Stadium
2024_07_SEA_ATL,2024,REG,7,2024-10-20,Sunday,13:00,SEA,34,ATL,14,Home,-20,48,0,2024102001,59602,,202410200atl,,401671730,6543.0,10,7,136,-162,3.0,-115,-105,51.5,-110,-110,0,closed,fieldturf,,,00-0030565,00-0029604,Geno Smith,Kirk Cousins,Mike Macdonald,Raheem Morris,Bill Vinovich,ATL97,Mercedes-Benz Stadium
2024_07_TEN_BUF,2024,REG,7,2024-10-20,Sunday,13:00,TEN,10,BUF,34,Home,24,44,0,2024102002,59603,,202410200buf,,401671616,6544.0,7,6,400,-535,9.5,-110,-110,41.0,-108,-112,0,outdoors,a_turf,66.0,12.0,00-0034771,00-0034857,Mason Rudolph,Josh Allen,Brian Callahan,Sean McDermott,John Hussey,BUF00,New Era Field
2024_07_CIN_CLE,2024,REG,7,2024-10-20,Sunday,13:00,CIN,21,CLE,14,Home,-7,35,0,2024102003,59604,,202410200cle,,401671853,6545.0,7,7,-230,190,-5.5,-110,-110,42.0,-112,-108,1,outdoors,grass,62.0,8.0,00-0036442,00-0033537,Joe Burrow,Deshaun Watson,Zac Taylor,Kevin Stefanski,Ron Torbert,CLE00,FirstEnergy Stadium
2024_07_HOU_GB,2024,REG,7,2024-10-20,Sunday,13:00,HOU,22,GB,24,Home,2,46,0,2024102004,59605,,202410200gnb,,401671644,6546.0,7,7,142,-170,3.0,100,-120,48.0,-108,-112,0,outdoors,grass,72.0,3.0,00-0039163,00-0036264,C.J. Stroud,Jordan Love,DeMeco Ryans,Matt LaFleur,Scott Novak,GNB00,Lambeau Field
2024_07_MIA_IND,2024,REG,7,2024-10-20,Sunday,13:00,MIA,10,IND,16,Home,6,26,0,2024102005,59606,,202410200clt,,401671864,6547.0,14,7,130,-155,3.0,-120,100,44.0,-108,-112,0,closed,fieldturf,,,00-0034177,00-0039164,Tim Boyle,Anthony Richardson,Mike McDaniel,Shane Steichen,Craig Wrolstad,IND00,Lucas Oil Stadium
2024_07_DET_MIN,2024,REG,7,2024-10-20,Sunday,13:00,DET,31,MIN,29,Home,-2,60,0,2024102006,59607,,202410200min,,401671724,6548.0,7,14,-102,-118,1.0,-108,-112,50.5,-112,-108,1,dome,sportturf,,,00-0033106,00-0034869,Jared Goff,Sam Darnold,Dan Campbell,Kevin O'Connell,Clay Martin,MIN01,U.S. Bank Stadium
2024_07_PHI_NYG,2024,REG,7,2024-10-20,Sunday,13:00,PHI,28,NYG,3,Home,-25,31,0,2024102007,59608,,202410200nyg,,401671710,6549.0,7,7,-166,140,-3.0,-120,100,42.0,-110,-110,1,outdoors,fieldturf,71.0,4.0,00-0036389,00-0035710,Jalen Hurts,Daniel Jones,Nick Sirianni,Brian Daboll,Tra Blake,NYC01,MetLife Stadium
2024_07_LV_LA,2024,REG,7,2024-10-20,Sunday,16:05,LV,15,LA,20,Home,5,35,0,2024102008,59609,,202410200ram,,401671663,6550.0,7,14,280,-355,7.0,-105,-115,43.0,-105,-115,0,dome,matrixturf,,,00-0038579,00-0026498,Aidan O'Connell,Matthew Stafford,Antonio Pierce,Sean McVay,Shawn Hochuli,LAX01,SoFi Stadium
2024_07_CAR_WAS,2024,REG,7,2024-10-20,Sunday,16:05,CAR,7,WAS,40,Home,33,47,0,2024102009,59610,,202410200was,,401671640,6551.0,7,7,400,-535,10.0,100,-120,51.0,-110,-110,0,outdoors,grass,76.0,2.0,00-0027973,00-0039910,Andy Dalton,Jayden Daniels,Dave Canales,Dan Quinn,Carl Cheffers,WAS00,FedExField
2024_07_KC_SF,2024,REG,7,2024-10-20,Sunday,16:25,KC,28,SF,18,Home,-10,46,0,2024102010,59611,,202410200sfo,,401671777,6552.0,13,10,120,-142,2.5,-105,-115,47.5,-110,-110,0,outdoors,grass,78.0,3.0,00-0033873,00-0037834,Patrick Mahomes,Brock Purdy,Andy Reid,Kyle Shanahan,Alan Eck,SFO01,Levi's Stadium
2024_07_NYJ_PIT,2024,REG,7,2024-10-20,Sunday,20:20,NYJ,15,PIT,37,Home,22,52,0,2024102011,59612,,202410200pit,,401671785,6553.0,6,7,-166,140,-3.0,-108,-112,40.0,-110,-110,0,outdoors,grass,60.0,4.0,00-0023459,00-0029263,Aaron Rodgers,Russell Wilson,Robert Saleh,Mike Tomlin,Shawn Smith,PIT00,Acrisure Stadium
2024_07_BAL_TB,2024,REG,7,2024-10-21,Monday,20:15,BAL,41,TB,31,Home,-10,72,0,2024102100,59613,,202410210tam,,401671695,6554.0,8,8,-225,185,-4.5,-110,-110,51.0,-110,-110,0,outdoors,grass,80.0,8.0,00-0034796,00-0034855,Lamar Jackson,Baker Mayfield,John Harbaugh,Todd Bowles,Alex Kemp,TAM00,Raymond James Stadium
2024_07_LAC_ARI,2024,REG,7,2024-10-21,Monday,21:00,LAC,15,ARI,17,Home,2,32,0,2024102101,59614,,202410210crd,,401671699,6555.0,8,8,-122,102,-1.0,-115,-105,44.0,-108,-112,0,closed,grass,,,00-0036355,00-0035228,Justin Herbert,Kyler Murray,Jim Harbaugh,Jonathan Gannon,Clete Blakeman,PHO00,State Farm Stadium
2024_08_MIN_LA,2024,REG,8,2024-10-24,Thursday,20:15,MIN,20,LA,30,Home,10,50,0,2024102400,59615,,202410240ram,,401671817,6556.0,4,4,-155,130,-3.0,-105,-115,47.5,-110,-110,0,dome,matrixturf,,,00-0034869,00-0026498,Sam Darnold,Matthew Stafford,Kevin O'Connell,Sean McVay,Tra Blake,LAX01,SoFi Stadium
2024_08_PHI_CIN,2024,REG,8,2024-10-27,Sunday,13:00,PHI,37,CIN,17,Home,-20,54,0,2024102710,59626,,202410270cin,,401671667,6567.0,7,7,124,-148,2.5,100,-120,47.5,-108,-112,0,outdoors,fieldturf,59.0,6.0,00-0036389,00-0036442,Jalen Hurts,Joe Burrow,Nick Sirianni,Zac Taylor,John Hussey,CIN00,Paycor Stadium
2024_08_BAL_CLE,2024,REG,8,2024-10-27,Sunday,13:00,BAL,24,CLE,29,Home,5,53,0,2024102700,59616,,202410270cle,,401671852,6557.0,6,7,-380,300,-7.5,-110,-110,44.5,-105,-115,1,outdoors,grass,52.0,4.0,00-0034796,00-0031503,Lamar Jackson,Jameis Winston,John Harbaugh,Kevin Stefanski,Shawn Smith,CLE00,FirstEnergy Stadium
2024_08_TEN_DET,2024,REG,8,2024-10-27,Sunday,13:00,TEN,14,DET,52,Home,38,66,0,2024102701,59617,,202410270det,,401671720,6558.0,7,7,550,-800,12.5,-105,-115,45.0,-108,-112,0,dome,fieldturf,,,00-0034771,00-0033106,Mason Rudolph,Jared Goff,Brian Callahan,Dan Campbell,Carl Cheffers,DET00,Ford Field
2024_08_IND_HOU,2024,REG,8,2024-10-27,Sunday,13:00,IND,20,HOU,23,Home,3,43,0,2024102702,59618,,202410270htx,,401671856,6559.0,7,7,185,-225,5.0,-112,-108,45.0,-108,-112,1,closed,astroturf,,,00-0026158,00-0039163,Joe Flacco,C.J. Stroud,Shane Steichen,DeMeco Ryans,Brad Allen,HOU00,NRG Stadium
2024_08_GB_JAX,2024,REG,8,2024-10-27,Sunday,13:00,GB,30,JAX,27,Home,-3,57,0,2024102703,59619,,202410270jax,,401671707,6560.0,7,7,-192,160,-3.5,-115,-105,49.0,-112,-108,0,outdoors,grass,84.0,4.0,00-0036264,00-0036971,Jordan Love,Trevor Lawrence,Matt LaFleur,Doug Pederson,Land Clark,JAX00,TIAA Bank Stadium
2024_08_ARI_MIA,2024,REG,8,2024-10-27,Sunday,13:00,ARI,28,MIA,27,Home,-1,55,0,2024102704,59620,,202410270mia,,401671850,6561.0,6,7,164,-198,4.0,-108,-112,46.5,-110,-110,0,outdoors,grass,82.0,14.0,00-0035228,00-0034177,Kyler Murray,Tim Boyle,Jonathan Gannon,Mike McDaniel,Clay Martin,MIA00,Hard Rock Stadium
2024_08_NYJ_NE,2024,REG,8,2024-10-27,Sunday,13:00,NYJ,22,NE,25,Home,3,47,0,2024102705,59621,,202410270nwe,,401671618,6562.0,7,7,-305,245,-7.0,-110,-110,41.0,-110,-110,1,outdoors,fieldturf,53.0,8.0,00-0023459,00-0039851,Aaron Rodgers,Drake Maye,Robert Saleh,Jerod Mayo,Craig Wrolstad,BOS00,Gillette Stadium
2024_08_ATL_TB,2024,REG,8,2024-10-27,Sunday,13:00,ATL,31,TB,26,Home,-5,57,0,2024102706,59622,,202410270tam,,401671739,6563.0,7,6,-122,102,-1.5,-110,-110,47.0,-108,-112,1,outdoors,grass,79.0,6.0,00-0029604,00-0034855,Kirk Cousins,Baker Mayfield,Raheem Morris,Todd Bowles,Shawn Hochuli,TAM00,Raymond James Stadium
2024_08_NO_LAC,2024,REG,8,2024-10-27,Sunday,16:05,NO,8,LAC,26,Home,18,34,0,2024102708,59624,,202410270sdg,,401671750,6565.0,10,6,250,-310,7.0,-110,-110,41.5,-108,-112,0,dome,matrixturf,,,00-0039376,00-0036355,Spencer Rattler,Justin Herbert,Dennis Allen,Jim Harbaugh,Alan Eck,LAX01,SoFi Stadium
2024_08_BUF_SEA,2024,REG,8,2024-10-27,Sunday,16:05,BUF,31,SEA,10,Home,-21,41,0,2024102709,59625,,202410270sea,,401671760,6566.0,7,7,-170,142,-3.0,-120,100,45.5,-105,-115,0,outdoors,fieldturf,55.0,14.0,00-0034857,00-0030565,Josh Allen,Geno Smith,Sean McDermott,Mike Macdonald,Ron Torbert,SEA00,Lumen Field
2024_08_CAR_DEN,2024,REG,8,2024-10-27,Sunday,16:25,CAR,14,DEN,28,Home,14,42,0,2024102711,59627,,202410270den,,401671600,6568.0,7,10,525,-750,13.0,-110,-110,40.5,-112,-108,0,outdoors,grass,76.0,4.0,00-0039150,00-0039732,Bryce Young,Bo Nix,Dave Canales,Sean Payton,Alex Kemp,DEN00,Empower Field at Mile High
2024_08_KC_LV,2024,REG,8,2024-10-27,Sunday,16:25,KC,27,LV,20,Home,-7,47,0,2024102712,59628,,202410270rai,,401671671,6569.0,7,7,-440,340,-9.0,-112,-108,42.0,-108,-112,1,dome,grass,,,00-0033873,00-0038579,Patrick Mahomes,Aidan O'Connell,Andy Reid,Antonio Pierce,Adrian Hill,VEG00,Allegiant Stadium
2024_08_CHI_WAS,2024,REG,8,2024-10-27,Sunday,16:25,CHI,15,WAS,18,Home,3,33,0,2024102707,59623,,202410270was,,401671599,6564.0,14,7,102,-122,1.5,-110,-110,46.5,-108,-112,0,outdoors,grass,58.0,2.0,00-0039918,00-0039910,Caleb Williams,Jayden Daniels,Matt Eberflus,Dan Quinn,Clete Blakeman,WAS00,FedExField
2024_08_DAL_SF,2024,REG,8,2024-10-27,Sunday,20:20,DAL,24,SF,30,Home,6,54,0,2024102713,59629,,202410270sfo,,401671795,6570.0,14,7,195,-238,5.5,-105,-115,48.0,-110,-110,0,outdoors,grass,69.0,9.0,00-0033077,00-0037834,Dak Prescott,Brock Purdy,Mike McCarthy,Kyle Shanahan,Bill Vinovich,SFO01,Levi's Stadium
2024_08_NYG_PIT,2024,REG,8,2024-10-28,Monday,20:15,NYG,18,PIT,26,Home,8,44,0,2024102800,59630,,202410280pit,,401671685,6571.0,8,8,220,-270,6.0,-105,-115,37.5,-110,-110,0,outdoors,grass,54.0,7.0,00-0035710,00-0029263,Daniel Jones,Russell Wilson,Brian Daboll,Mike Tomlin,Scott Novak,PIT00,Acrisure Stadium
2024_09_HOU_NYJ,2024,REG,9,2024-10-31,Thursday,20:15,HOU,13,NYJ,21,Home,8,34,0,2024103100,59631,,202410310nyj,,401671809,6572.0,4,4,124,-148,2.5,100,-120,43.5,-105,-115,0,outdoors,fieldturf,71.0,8.0,00-0039163,00-0023459,C.J. Stroud,Aaron Rodgers,DeMeco Ryans,Robert Saleh,Shawn Hochuli,NYC01,MetLife Stadium
2024_09_DAL_ATL,2024,REG,9,2024-11-03,Sunday,13:00,DAL,21,ATL,27,Home,6,48,0,2024110300,59632,,202411030atl,,401671728,6573.0,7,7,140,-166,3.0,-105,-115,52.0,-112,-108,0,closed,fieldturf,,,00-0033077,00-0029604,Dak Prescott,Kirk Cousins,Mike McCarthy,Raheem Morris,Scott Novak,ATL97,Mercedes-Benz Stadium
2024_09_DEN_BAL,2024,REG,9,2024-11-03,Sunday,13:00,DEN,10,BAL,41,Home,31,51,0,2024110301,59633,,202411030rav,,401671623,6574.0,7,7,330,-440,9.0,-115,-105,46.5,-110,-110,0,outdoors,grass,57.0,3.0,00-0039732,00-0034796,Bo Nix,Lamar Jackson,Sean Payton,John Harbaugh,Adrian Hill,BAL00,M&T Bank Stadium
2024_09_MIA_BUF,2024,REG,9,2024-11-03,Sunday,13:00,MIA,27,BUF,30,Home,3,57,0,2024110302,59634,,202411030buf,,401671493,6575.0,7,7,230,-285,6.5,-110,-110,49.0,-108,-112,1,outdoors,a_turf,54.0,9.0,00-0036212,00-0034857,Tua Tagovailoa,Josh Allen,Mike McDaniel,Sean McDermott,Tra Blake,BUF00,New Era Field
2024_09_NO_CAR,2024,REG,9,2024-11-03,Sunday,13:00,NO,22,CAR,23,Home,1,45,0,2024110303,59635,,202411030car,,401671650,6576.0,7,7,-345,275,-7.0,-118,-102,43.5,-108,-112,1,outdoors,grass,66.0,7.0,00-0031280,00-0039150,Derek Carr,Bryce Young,Dennis Allen,Dave Canales,Ron Torbert,CAR00,Bank of America Stadium
2024_09_LV_CIN,2024,REG,9,2024-11-03,Sunday,13:00,LV,24,CIN,41,Home,17,65,0,2024110304,59636,,202411030cin,,401671704,6577.0,7,7,320,-410,8.0,-110,-110,45.0,-108,-112,0,outdoors,fieldturf,67.0,7.0,00-0035289,00-0036442,Gardner Minshew,Joe Burrow,Antonio Pierce,Zac Taylor,Brad Rogers,CIN00,Paycor Stadium
2024_09_LAC_CLE,2024,REG,9,2024-11-03,Sunday,13:00,LAC,27,CLE,10,Home,-17,37,0,2024110305,59637,,202411030cle,,401671629,6578.0,7,7,-130,110,-2.0,-110,-110,42.5,-108,-112,0,outdoors,grass,57.0,10.0,00-0036355,00-0031503,Justin Herbert,Jameis Winston,Jim Harbaugh,Kevin Stefanski,Bill Vinovich,CLE00,FirstEnergy Stadium
2024_09_WAS_NYG,2024,REG,9,2024-11-03,Sunday,13:00,WAS,27,NYG,22,Home,-5,49,0,2024110307,59639,,202411030nyg,,401671711,6580.0,7,6,-218,180,-4.5,-108,-112,44.5,-110,-110,1,outdoors,fieldturf,52.0,6.0,00-0032268,00-0035710,Marcus Mariota,Daniel Jones,Dan Quinn,Brian Daboll,Brad Allen,NYC01,MetLife Stadium
2024_09_NE_TEN,2024,REG,9,2024-11-03,Sunday,13:00,NE,17,TEN,20,Home,3,37,1,2024110308,59640,,202411030oti,,401671822,6581.0,7,7,136,-162,3.0,-105,-115,38.5,-110,-110,0,outdoors,grass,75.0,10.0,00-0039851,00-0034771,Drake Maye,Mason Rudolph,Jerod Mayo,Brian Callahan,Alex Kemp,NAS00,Nissan Stadium
2024_09_CHI_ARI,2024,REG,9,2024-11-03,Sunday,16:05,CHI,9,ARI,29,Home,20,38,0,2024110309,59641,,202411030crd,,401671661,6582.0,7,7,100,-120,1.5,-110,-110,44.5,-110,-110,0,closed,grass,,,00-0039918,00-0035228,Caleb Williams,Kyler Murray,Matt Eberflus,Jonathan Gannon,Carl Cheffers,PHO00,State Farm Stadium
2024_09_JAX_PHI,2024,REG,9,2024-11-03,Sunday,16:05,JAX,23,PHI,28,Home,5,51,0,2024110312,59644,,202411030phi,,401671797,6585.0,7,7,270,-340,7.5,-112,-108,46.0,-110,-110,0,outdoors,grass,57.0,6.0,00-0036971,00-0036389,Trevor Lawrence,Jalen Hurts,Doug Pederson,Nick Sirianni,Alan Eck,PHI00,Lincoln Financial Field
2024_09_DET_GB,2024,REG,9,2024-11-03,Sunday,16:25,DET,24,GB,14,Home,-10,38,0,2024110310,59642,,202411030gnb,,401671767,6583.0,7,7,-155,130,-2.5,-120,100,47.5,-108,-112,1,outdoors,grass,50.0,15.0,00-0033106,00-0036264,Jared Goff,Jordan Love,Dan Campbell,Matt LaFleur,Clete Blakeman,GNB00,Lambeau Field
2024_09_LA_SEA,2024,REG,9,2024-11-03,Sunday,16:25,LA,26,SEA,20,Home,-6,46,1,2024110311,59643,,202411030sea,,401671776,6584.0,10,7,-125,105,-1.5,-112,-108,48.5,-110,-110,1,outdoors,fieldturf,52.0,4.0,00-0026498,00-0030565,Matthew Stafford,Geno Smith,Sean McVay,Mike Macdonald,Clay Martin,SEA00,Lumen Field
2024_09_IND_MIN,2024,REG,9,2024-11-03,Sunday,20:20,IND,13,MIN,21,Home,8,34,0,2024110306,59638,,202411030min,,401671647,6579.0,7,10,240,-298,6.5,-110,-110,47.0,-110,-110,0,dome,sportturf,,,00-0026158,00-0034869,Joe Flacco,Sam Darnold,Shane Steichen,Kevin O'Connell,Shawn Smith,MIN01,U.S. Bank Stadium
2024_09_TB_KC,2024,REG,9,2024-11-04,Monday,20:15,TB,24,KC,30,Home,6,54,1,2024110400,59645,,202411040kan,,401671688,6586.0,8,8,330,-425,9.0,-110,-110,45.5,-108,-112,0,outdoors,grass,63.0,6.0,00-0034855,00-0033873,Baker Mayfield,Patrick Mahomes,Todd Bowles,Andy Reid,John Hussey,KAN00,GEHA Field at Arrowhead Stadium
2024_10_CIN_BAL,2024,REG,10,2024-11-07,Thursday,20:15,CIN,34,BAL,35,Home,1,69,0,2024110700,59646,,202411070rav,,401671810,6587.0,4,4,220,-270,6.0,-108,-112,53.0,-108,-112,1,outdoors,grass,69.0,6.0,00-0036442,00-0034796,Joe Burrow,Lamar Jackson,Zac Taylor,John Harbaugh,Clete Blakeman,BAL00,M&T Bank Stadium
2024_10_NYG_CAR,2024,REG,10,2024-11-10,Sunday,09:30,NYG,17,CAR,20,Neutral,3,37,1,2024111000,59647,,202411100car,,401671803,6588.0,7,7,-298,240,-6.5,-118,-102,40.5,-115,-105,0,outdoors,,,,00-0035710,00-0027973,Daniel Jones,Andy Dalton,Brian Daboll,Dave Canales,Shawn Hochuli,GER00,Allianz Arena
2024_10_NE_CHI,2024,REG,10,2024-11-10,Sunday,13:00,NE,19,CHI,3,Home,-16,22,0,2024111001,59648,,202411100chi,,401671873,6589.0,7,7,260,-325,6.5,-110,-110,37.5,-112,-108,0,outdoors,grass,60.0,6.0,00-0039851,00-0039918,Drake Maye,Caleb Williams,Jerod Mayo,Matt Eberflus,Land Clark,CHI98,Soldier Field
2024_10_BUF_IND,2024,REG,10,2024-11-10,Sunday,13:00,BUF,30,IND,20,Home,-10,50,0,2024111002,59649,,202411100clt,,401671863,6590.0,7,7,-230,190,-4.5,-115,-105,46.5,-108,-112,0,closed,fieldturf,,,00-0034857,00-0026158,Josh Allen,Joe Flacco,Sean McDermott,Shane Steichen,Scott Novak,IND00,Lucas Oil Stadium
2024_10_MIN_JAX,2024,REG,10,2024-11-10,Sunday,13:00,MIN,12,JAX,7,Home,-5,19,0,2024111003,59650,,202411100jax,,401671708,6591.0,7,7,-345,280,-7.0,-120,100,42.5,-108,-112,0,outdoors,grass,79.0,7.0,00-0034869,00-0036972,Sam Darnold,Mac Jones,Kevin O'Connell,Doug Pederson,Adrian Hill,JAX00,TIAA Bank Stadium
2024_10_DEN_KC,2024,REG,10,2024-11-10,Sunday,13:00,DEN,14,KC,16,Home,2,30,0,2024111004,59651,,202411100kan,,401671637,6592.0,7,6,300,-380,7.5,-115,-105,42.5,-110,-110,1,outdoors,grass,57.0,12.0,00-0039732,00-0033873,Bo Nix,Patrick Mahomes,Sean Payton,Andy Reid,Brad Allen,KAN00,GEHA Field at Arrowhead Stadium
2024_10_ATL_NO,2024,REG,10,2024-11-10,Sunday,13:00,ATL,17,NO,20,Home,3,37,0,2024111005,59652,,202411100nor,,401671733,6593.0,7,7,-192,160,-3.5,-112,-108,46.5,-112,-108,1,dome,sportturf,,,00-0029604,00-0031280,Kirk Cousins,Derek Carr,Raheem Morris,Dennis Allen,Carl Cheffers,NOR00,Mercedes-Benz Superdome
2024_10_SF_TB,2024,REG,10,2024-11-10,Sunday,13:00,SF,23,TB,20,Home,-3,43,0,2024111006,59653,,202411100tam,,401671742,6594.0,14,6,-298,240,-6.5,-118,-102,50.5,-112,-108,0,outdoors,grass,85.0,9.0,00-0037834,00-0034855,Brock Purdy,Baker Mayfield,Kyle Shanahan,Todd Bowles,Shawn Smith,TAM00,Raymond James Stadium
2024_10_PIT_WAS,2024,REG,10,2024-11-10,Sunday,13:00,PIT,28,WAS,27,Home,-1,55,0,2024111007,59654,,202411100was,,401671641,6595.0,13,7,102,-122,1.5,-110,-110,45.0,-108,-112,0,outdoors,grass,57.0,9.0,00-0029263,00-0032268,Russell Wilson,Marcus Mariota,Mike Tomlin,Dan Quinn,Brad Rogers,WAS00,FedExField
2024_10_TEN_LAC,2024,REG,10,2024-11-10,Sunday,16:05,TEN,17,LAC,27,Home,10,44,0,2024111008,59655,,202411100sdg,,401671751,6596.0,7,7,300,-380,8.0,-108,-112,40.0,-110,-110,0,dome,matrixturf,,,00-0034771,00-0036355,Mason Rudolph,Justin Herbert,Brian Callahan,Jim Harbaugh,Craig Wrolstad,LAX01,SoFi Stadium
2024_10_NYJ_ARI,2024,REG,10,2024-11-10,Sunday,16:25,NYJ,6,ARI,31,Home,25,37,0,2024111009,59656,,202411100crd,,401671678,6597.0,10,7,-130,110,-2.0,-110,-110,45.5,-108,-112,0,closed,grass,,,00-0023459,00-0035228,Aaron Rodgers,Kyler Murray,Robert Saleh,Jonathan Gannon,John Hussey,PHO00,State Farm Stadium
2024_10_PHI_DAL,2024,REG,10,2024-11-10,Sunday,16:25,PHI,34,DAL,6,Home,-28,40,0,2024111010,59657,,202411100dal,,401671676,6598.0,7,7,-360,285,-7.5,-108,-112,44.5,-110,-110,1,closed,matrixturf,,,00-0036389,00-0033662,Jalen Hurts,Cooper Rush,Nick Sirianni,Mike McCarthy,Alex Kemp,DAL00,AT&T Stadium
2024_10_DET_HOU,2024,REG,10,2024-11-10,Sunday,20:20,DET,26,HOU,23,Home,-3,49,0,2024111011,59658,,202411100htx,,401671787,6599.0,7,10,-230,190,-4.5,-110,-110,49.0,-110,-112,0,closed,astroturf,,,00-0033106,00-0039163,Jared Goff,C.J. Stroud,Dan Campbell,DeMeco Ryans,Bill Vinovich,HOU00,NRG Stadium
2024_10_MIA_LA,2024,REG,10,2024-11-11,Monday,20:15,MIA,23,LA,15,Home,-8,38,0,2024111100,59659,,202411110ram,,401671693,6600.0,8,8,120,-142,2.5,-102,-118,49.5,-108,-112,0,dome,matrixturf,,,00-0036212,00-0026498,Tua Tagovailoa,Matthew Stafford,Mike McDaniel,Sean McVay,Ron Torbert,LAX01,SoFi Stadium
2024_11_WAS_PHI,2024,REG,11,2024-11-14,Thursday,20:15,WAS,18,PHI,26,Home,8,44,0,2024111400,59660,,202411140phi,,401671813,6601.0,4,4,190,-230,4.5,-110,-110,49.5,-110,-110,1,outdoors,grass,46.0,9.0,00-0032268,00-0036389,Marcus Mariota,Jalen Hurts,Dan Quinn,Nick Sirianni,Adrian Hill,PHI00,Lincoln Financial Field
2024_11_GB_CHI,2024,REG,11,2024-11-17,Sunday,13:00,GB,20,CHI,19,Home,-1,39,0,2024111700,59661,,202411170chi,,401671869,6602.0,14,7,-265,215,-6.0,-115,-105,41.0,-108,-112,1,outdoors,grass,54.0,5.0,00-0036264,00-0039918,Jordan Love,Caleb Williams,Matt LaFleur,Matt Eberflus,Bill Vinovich,CHI98,Soldier Field
2024_11_JAX_DET,2024,REG,11,2024-11-17,Sunday,13:00,JAX,6,DET,52,Home,46,58,0,2024111701,59662,,202411170det,,401671642,6603.0,7,7,650,-1000,14.0,-105,-115,47.5,-110,-110,0,dome,fieldturf,,,00-0036972,00-0033106,Mac Jones,Jared Goff,Doug Pederson,Dan Campbell,Scott Novak,DET00,Ford Field
2024_11_LV_MIA,2024,REG,11,2024-11-17,Sunday,13:00,LV,19,MIA,34,Home,15,53,0,2024111702,59663,,202411170mia,,401671851,6604.0,14,6,330,-425,8.0,-105,-115,43.5,-112,-108,0,outdoors,grass,80.0,16.0,00-0035289,00-0036212,Gardner Minshew,Tua Tagovailoa,Antonio Pierce,Mike McDaniel,John Hussey,MIA00,Hard Rock Stadium
2024_11_LA_NE,2024,REG,11,2024-11-17,Sunday,13:00,LA,28,NE,22,Home,-6,50,0,2024111703,59664,,202411170nwe,,401671701,6605.0,6,7,-198,164,-4.0,-108,-112,42.5,-112,-108,0,outdoors,fieldturf,59.0,9.0,00-0026498,00-0039851,Matthew Stafford,Drake Maye,Sean McVay,Jerod Mayo,Shawn Smith,BOS00,Gillette Stadium
2024_11_CLE_NO,2024,REG,11,2024-11-17,Sunday,13:00,CLE,14,NO,35,Home,21,49,0,2024111704,59665,,202411170nor,,401671746,6606.0,14,7,-115,-105,-1.0,-110,-110,44.0,-110,-110,0,dome,sportturf,,,00-0031503,00-0031280,Jameis Winston,Derek Carr,Kevin Stefanski,Dennis Allen,Alex Kemp,NOR00,Mercedes-Benz Superdome
2024_11_IND_NYJ,2024,REG,11,2024-11-17,Sunday,13:00,IND,28,NYJ,27,Home,-1,55,0,2024111711,59672,,202411170nyj,,401671782,6613.0,7,7,170,-205,4.0,-110,-110,43.0,-110,-110,0,outdoors,fieldturf,62.0,4.0,00-0026158,00-0023459,Joe Flacco,Aaron Rodgers,Shane Steichen,Robert Saleh,Tra Blake,NYC01,MetLife Stadium
2024_11_BAL_PIT,2024,REG,11,2024-11-17,Sunday,13:00,BAL,16,PIT,18,Home,2,34,0,2024111705,59666,,202411170pit,,401671630,6607.0,10,7,-175,145,-3.0,-120,100,48.0,-108,-112,1,outdoors,grass,52.0,5.0,00-0034796,00-0029263,Lamar Jackson,Russell Wilson,John Harbaugh,Mike Tomlin,Clay Martin,PIT00,Acrisure Stadium
2024_11_MIN_TEN,2024,REG,11,2024-11-17,Sunday,13:00,MIN,23,TEN,13,Home,-10,36,0,2024111706,59667,,202411170oti,,401671824,6608.0,7,7,-290,235,-6.0,-118,-102,40.0,-110,-110,0,outdoors,grass,66.0,7.0,00-0034869,00-0034771,Sam Darnold,Mason Rudolph,Kevin O'Connell,Brian Callahan,Clete Blakeman,NAS00,Nissan Stadium
2024_11_ATL_DEN,2024,REG,11,2024-11-17,Sunday,16:05,ATL,6,DEN,38,Home,32,44,0,2024111707,59668,,202411170den,,401671748,6609.0,7,7,114,-135,2.0,-108,-112,44.5,-112,-108,0,outdoors,grass,55.0,9.0,00-0029604,00-0039732,Kirk Cousins,Bo Nix,Raheem Morris,Sean Payton,Alan Eck,DEN00,Empower Field at Mile High
2024_11_SEA_SF,2024,REG,11,2024-11-17,Sunday,16:05,SEA,20,SF,17,Home,-3,37,0,2024111708,59669,,202411170sfo,,401671757,6610.0,14,7,215,-265,6.0,-110,-110,49.0,-112,-108,1,outdoors,grass,59.0,4.0,00-0030565,00-0037834,Geno Smith,Brock Purdy,Mike Macdonald,Kyle Shanahan,Brad Rogers,SFO01,Levi's Stadium
2024_11_KC_BUF,2024,REG,11,2024-11-17,Sunday,16:25,KC,21,BUF,30,Home,9,51,0,2024111709,59670,,202411170buf,,401671665,6611.0,7,7,120,-142,2.5,-108,-112,46.5,-108,-112,0,outdoors,a_turf,50.0,3.0,00-0033873,00-0034857,Patrick Mahomes,Josh Allen,Andy Reid,Sean McDermott,Land Clark,BUF00,New Era Field
2024_11_CIN_LAC,2024,REG,11,2024-11-17,Sunday,20:20,CIN,27,LAC,34,Home,7,61,0,2024111710,59671,,202411170sdg,,401671675,6612.0,10,7,-110,-110,1.0,-118,-102,48.0,-105,-115,0,dome,matrixturf,,,00-0036442,00-0036355,Joe Burrow,Justin Herbert,Zac Taylor,Jim Harbaugh,Brad Allen,LAX01,SoFi Stadium
2024_11_HOU_DAL,2024,REG,11,2024-11-18,Monday,20:15,HOU,34,DAL,10,Home,-24,44,0,2024111800,59673,,202411180dal,,401671694,6614.0,8,8,-360,285,-7.5,100,-120,41.5,-105,-115,0,closed,matrixturf,,,00-0039163,00-0033662,C.J. Stroud,Cooper Rush,DeMeco Ryans,Mike McCarthy,Craig Wrolstad,DAL00,AT&T Stadium
2024_12_PIT_CLE,2024,REG,12,2024-11-21,Thursday,20:15,PIT,19,CLE,24,Home,5,43,0,2024112100,59674,,202411210cle,,401671875,6615.0,4,4,-205,170,-3.5,-115,-105,36.5,-108,-112,1,outdoors,grass,36.0,13.0,00-0029263,00-0031503,Russell Wilson,Jameis Winston,Mike Tomlin,Kevin Stefanski,Brad Allen,CLE00,FirstEnergy Stadium
2024_12_KC_CAR,2024,REG,12,2024-11-24,Sunday,13:00,KC,30,CAR,27,Home,-3,57,0,2024112400,59675,,202411240car,,401671651,6616.0,7,14,-700,500,-11.0,-112,-108,43.0,-110,-110,0,outdoors,grass,61.0,5.0,00-0033873,00-0027973,Patrick Mahomes,Andy Dalton,Andy Reid,Dave Canales,Shawn Smith,CAR00,Bank of America Stadium
2024_12_MIN_CHI,2024,REG,12,2024-11-24,Sunday,13:00,MIN,30,CHI,27,Home,-3,57,1,2024112401,59676,,202411240chi,,401671870,6617.0,7,7,-175,145,-3.0,-120,100,39.5,-108,-112,1,outdoors,grass,47.0,5.0,00-0034869,00-0039918,Sam Darnold,Caleb Williams,Kevin O'Connell,Matt Eberflus,Clay Martin,CHI98,Soldier Field
2024_12_TEN_HOU,2024,REG,12,2024-11-24,Sunday,13:00,TEN,32,HOU,27,Home,-5,59,0,2024112402,59677,,202411240htx,,401671858,6618.0,7,6,295,-375,8.0,-112,-108,40.5,-112,-108,1,closed,astroturf,,,00-0034771,00-0039163,Mason Rudolph,C.J. Stroud,Brian Callahan,DeMeco Ryans,Brad Rogers,HOU00,NRG Stadium
2024_12_DET_IND,2024,REG,12,2024-11-24,Sunday,13:00,DET,24,IND,6,Home,-18,30,0,2024112403,59678,,202411240clt,,401671866,6619.0,7,7,-375,295,-7.0,-122,102,50.5,-110,-110,0,closed,fieldturf,,,00-0033106,00-0026158,Jared Goff,Joe Flacco,Dan Campbell,Shane Steichen,Shawn Hochuli,IND00,Lucas Oil Stadium
2024_12_NE_MIA,2024,REG,12,2024-11-24,Sunday,13:00,NE,15,MIA,34,Home,19,49,0,2024112404,59679,,202411240mia,,401671847,6620.0,7,7,285,-360,7.5,-115,-105,46.0,-108,-112,1,outdoors,grass,77.0,6.0,00-0039851,00-0036212,Drake Maye,Tua Tagovailoa,Jerod Mayo,Mike McDaniel,Alan Eck,MIA00,Hard Rock Stadium
2024_12_TB_NYG,2024,REG,12,2024-11-24,Sunday,13:00,TB,30,NYG,7,Home,-23,37,0,2024112405,59680,,202411240nyg,,401671638,6621.0,14,14,-298,240,-6.5,-108,-112,40.5,-110,-110,0,outdoors,fieldturf,50.0,13.0,00-0034855,00-0038476,Baker Mayfield,Tommy DeVito,Todd Bowles,Brian Daboll,Adrian Hill,NYC01,MetLife Stadium
2024_12_DAL_WAS,2024,REG,12,2024-11-24,Sunday,13:00,DAL,34,WAS,26,Home,-8,60,0,2024112406,59681,,202411240was,,401671715,6622.0,6,10,455,-625,10.5,-112,-108,45.0,-110,-110,1,outdoors,grass,55.0,5.0,00-0033662,00-0032268,Cooper Rush,Marcus Mariota,Mike McCarthy,Dan Quinn,Tra Blake,WAS00,FedExField
2024_12_DEN_LV,2024,REG,12,2024-11-24,Sunday,16:05,DEN,29,LV,19,Home,-10,48,0,2024112407,59682,,202411240rai,,401671656,6623.0,7,7,-278,225,-6.5,-105,-115,41.5,-108,-112,1,dome,grass,,,00-0039732,00-0035289,Bo Nix,Gardner Minshew,Sean Payton,Antonio Pierce,Ron Torbert,VEG00,Allegiant Stadium
2024_12_SF_GB,2024,REG,12,2024-11-24,Sunday,16:25,SF,10,GB,38,Home,28,48,0,2024112408,59683,,202411240gnb,,401671768,6624.0,7,7,235,-290,6.5,-112,-108,44.5,-108,-112,0,outdoors,grass,43.0,11.0,00-0032434,00-0036264,Brandon Allen,Jordan Love,Kyle Shanahan,Matt LaFleur,Craig Wrolstad,GNB00,Lambeau Field
2024_12_ARI_SEA,2024,REG,12,2024-11-24,Sunday,16:25,ARI,6,SEA,16,Home,10,22,0,2024112409,59684,,202411240sea,,401671775,6625.0,14,7,-115,-105,-1.0,-110,-110,46.5,-108,-112,1,outdoors,fieldturf,45.0,5.0,00-0035228,00-0030565,Kyler Murray,Geno Smith,Jonathan Gannon,Mike Macdonald,Scott Novak,SEA00,Lumen Field
2024_12_PHI_LA,2024,REG,12,2024-11-24,Sunday,20:20,PHI,37,LA,20,Home,-17,57,0,2024112410,59685,,202411240ram,,401671794,6626.0,10,7,-170,142,-3.0,-112,-108,49.0,-108,-112,0,dome,matrixturf,,,00-0036389,00-0026498,Jalen Hurts,Matthew Stafford,Nick Sirianni,Sean McVay,Land Clark,LAX01,SoFi Stadium
2024_12_BAL_LAC,2024,REG,12,2024-11-25,Monday,20:15,BAL,30,LAC,23,Home,-7,53,0,2024112500,59686,,202411250sdg,,401671689,6627.0,8,8,-166,140,-3.0,-110,-110,51.0,-112,-108,0,dome,matrixturf,,,00-0034796,00-0036355,Lamar Jackson,Justin Herbert,John Harbaugh,Jim Harbaugh,Craig Wrolstad,LAX01,SoFi Stadium
2024_13_CHI_DET,2024,REG,13,2024-11-28,Thursday,12:30,CHI,20,DET,23,Home,3,43,0,2024112800,59687,,202411280det,,401671492,6628.0,4,4,390,-520,9.5,-102,-118,47.5,100,-120,1,dome,fieldturf,,,00-0039918,00-0033106,Caleb Williams,Jared Goff,Matt Eberflus,Dan Campbell,Alan Eck,DET00,Ford Field
2024_13_NYG_DAL,2024,REG,13,2024-11-28,Thursday,16:30,NYG,20,DAL,27,Home,7,47,0,2024112801,59688,,202411280dal,,401671779,6629.0,4,4,185,-218,4.5,-110,-110,39.0,-110,-110,1,closed,matrixturf,,,00-0035704,00-0033662,Drew Lock,Cooper Rush,Brian Daboll,Mike McCarthy,Brad Rogers,DAL00,AT&T Stadium
2024_13_MIA_GB,2024,REG,13,2024-11-28,Thursday,20:20,MIA,17,GB,30,Home,13,47,0,2024112802,59689,,202411280gnb,,401671798,6630.0,4,4,145,-175,3.5,-115,-105,47.5,-110,-110,0,outdoors,grass,27.0,10.0,00-0036212,00-0036264,Tua Tagovailoa,Jordan Love,Mike McDaniel,Matt LaFleur,Shawn Smith,GNB00,Lambeau Field
2024_13_LV_KC,2024,REG,13,2024-11-29,Friday,15:00,LV,17,KC,19,Home,2,36,0,2024112900,59690,,202411290kan,,401671806,6631.0,5,5,550,-800,13.5,-108,-112,42.0,-108,-112,1,outdoors,grass,37.0,5.0,00-0035289,00-0033873,Gardner Minshew,Patrick Mahomes,Antonio Pierce,Andy Reid,Clay Martin,KAN00,GEHA Field at Arrowhead Stadium
2024_13_LAC_ATL,2024,REG,13,2024-12-01,Sunday,13:00,LAC,17,ATL,13,Home,-4,30,0,2024120100,59691,,202412010atl,,401671649,6632.0,6,14,-118,-102,-1.0,-108,-112,47.0,-110,-110,0,closed,fieldturf,,,00-0036355,00-0029604,Justin Herbert,Kirk Cousins,Jim Harbaugh,Raheem Morris,Clete Blakeman,ATL97,Mercedes-Benz Stadium
2024_13_PIT_CIN,2024,REG,13,2024-12-01,Sunday,13:00,PIT,44,CIN,38,Home,-6,82,0,2024120101,59692,,202412010cin,,401671627,6633.0,10,14,130,-155,3.0,-110,-110,46.0,-108,-112,1,outdoors,fieldturf,32.0,9.0,00-0029263,00-0036442,Russell Wilson,Joe Burrow,Mike Tomlin,Zac Taylor,Shawn Hochuli,CIN00,Paycor Stadium
2024_13_HOU_JAX,2024,REG,13,2024-12-01,Sunday,13:00,HOU,23,JAX,20,Home,-3,43,0,2024120102,59693,,202412010jax,,401671705,6634.0,7,14,-192,160,-3.5,-110,-110,44.5,-108,-112,1,outdoors,grass,,,00-0039163,00-0036971,C.J. Stroud,Trevor Lawrence,DeMeco Ryans,Doug Pederson,Land Clark,JAX00,TIAA Bank Stadium
2024_13_ARI_MIN,2024,REG,13,2024-12-01,Sunday,13:00,ARI,22,MIN,23,Home,1,45,0,2024120103,59694,,202412010min,,401671726,6635.0,7,7,154,-185,3.5,-110,-110,45.5,-112,-108,0,dome,sportturf,,,00-0035228,00-0034869,Kyler Murray,Sam Darnold,Jonathan Gannon,Kevin O'Connell,Bill Vinovich,MIN01,U.S. Bank Stadium
2024_13_IND_NE,2024,REG,13,2024-12-01,Sunday,13:00,IND,25,NE,24,Home,-1,49,0,2024120104,59695,,202412010nwe,,401671620,6636.0,7,7,-135,114,-2.5,-115,-105,41.5,-110,-110,0,outdoors,fieldturf,36.0,9.0,00-0026158,00-0039851,Joe Flacco,Drake Maye,Shane Steichen,Jerod Mayo,Adrian Hill,BOS00,Gillette Stadium
2024_13_SEA_NYJ,2024,REG,13,2024-12-01,Sunday,13:00,SEA,26,NYJ,21,Home,-5,47,0,2024120105,59696,,202412010nyj,,401671703,6637.0,7,14,-105,-115,1.0,-110,-110,41.5,-110,-110,0,outdoors,fieldturf,37.0,12.0,00-0030565,00-0023459,Geno Smith,Aaron Rodgers,Mike Macdonald,Robert Saleh,Carl Cheffers,NYC01,MetLife Stadium
2024_13_TEN_WAS,2024,REG,13,2024-12-01,Sunday,13:00,TEN,19,WAS,42,Home,23,61,0,2024120106,59697,,202412010was,,401671743,6638.0,7,7,205,-250,6.0,-112,-108,45.0,-108,-112,0,outdoors,grass,42.0,6.0,00-0034771,00-0032268,Mason Rudolph,Marcus Mariota,Brian Callahan,Dan Quinn,Ron Torbert,WAS00,FedExField
2024_13_TB_CAR,2024,REG,13,2024-12-01,Sunday,16:05,TB,26,CAR,23,Home,-3,49,1,2024120107,59698,,202412010car,,401671752,6639.0,7,7,-290,235,-6.5,-115,-105,46.0,-110,-110,1,outdoors,grass,51.0,7.0,00-0034855,00-0027973,Baker Mayfield,Andy Dalton,Todd Bowles,Dave Canales,Tra Blake,CAR00,Bank of America Stadium
2024_13_LA_NO,2024,REG,13,2024-12-01,Sunday,16:05,LA,21,NO,14,Home,-7,35,0,2024120108,59699,,202412010nor,,401671753,6640.0,7,14,-142,120,-2.5,-115,-105,48.5,-108,-112,0,dome,sportturf,,,00-0026498,00-0031280,Matthew Stafford,Derek Carr,Sean McVay,Dennis Allen,Brad Allen,NOR00,Mercedes-Benz Superdome
2024_13_PHI_BAL,2024,REG,13,2024-12-01,Sunday,16:25,PHI,24,BAL,19,Home,-5,43,0,2024120109,59700,,202412010rav,,401671666,6641.0,7,6,136,-162,3.0,-110,-110,50.0,-110,-110,0,outdoors,grass,41.0,7.0,00-0036389,00-0034796,Jalen Hurts,Lamar Jackson,Nick Sirianni,John Harbaugh,Craig Wrolstad,BAL00,M&T Bank Stadium
2024_13_SF_BUF,2024,REG,13,2024-12-01,Sunday,20:20,SF,10,BUF,35,Home,25,45,0,2024120110,59701,,202412010buf,,401671781,6642.0,7,14,270,-340,6.5,-102,-118,45.0,-110,-110,0,outdoors,a_turf,28.0,11.0,00-0037834,00-0034857,Brock Purdy,Josh Allen,Kyle Shanahan,Sean McDermott,Alex Kemp,BUF00,New Era Field
2024_13_CLE_DEN,2024,REG,13,2024-12-02,Monday,20:15,CLE,32,DEN,41,Home,9,73,0,2024120200,59702,,202412020den,,401671686,6643.0,11,8,235,-290,6.5,-108,-112,41.5,-110,-110,0,outdoors,grass,48.0,4.0,00-0031503,00-0039732,Jameis Winston,Bo Nix,Kevin Stefanski,Sean Payton,John Hussey,DEN00,Empower Field at Mile High
2024_14_GB_DET,2024,REG,14,2024-12-05,Thursday,20:15,GB,31,DET,34,Home,3,65,0,2024120500,59703,,202412050det,,401671814,6644.0,7,7,142,-170,3.0,100,-120,53.0,-110,-110,1,dome,fieldturf,,,00-0036264,00-0033106,Jordan Love,Jared Goff,Matt LaFleur,Dan Campbell,John Hussey,DET00,Ford Field
2024_14_NYJ_MIA,2024,REG,14,2024-12-08,Sunday,13:00,NYJ,26,MIA,32,Home,6,58,1,2024120800,59704,,202412080mia,,401671848,6645.0,7,10,240,-298,6.5,-108,-112,45.0,-112,-108,1,outdoors,grass,77.0,12.0,00-0023459,00-0036212,Aaron Rodgers,Tua Tagovailoa,Robert Saleh,Mike McDaniel,Shawn Hochuli,MIA00,Hard Rock Stadium
2024_14_ATL_MIN,2024,REG,14,2024-12-08,Sunday,13:00,ATL,21,MIN,42,Home,21,63,0,2024120801,59705,,202412080min,,401671648,6646.0,7,7,205,-250,6.0,-110,-110,46.5,-108,-112,0,dome,sportturf,,,00-0029604,00-0034869,Kirk Cousins,Sam Darnold,Raheem Morris,Kevin O'Connell,Alex Kemp,MIN01,U.S. Bank Stadium
2024_14_NO_NYG,2024,REG,14,2024-12-08,Sunday,13:00,NO,14,NYG,11,Home,-3,25,0,2024120802,59706,,202412080nyg,,401671601,6647.0,7,10,-245,200,-5.5,-115,-105,41.0,-110,-110,0,outdoors,fieldturf,54.0,13.0,00-0031280,00-0038476,Derek Carr,Tommy DeVito,Dennis Allen,Brian Daboll,Clete Blakeman,NYC01,MetLife Stadium
2024_14_CAR_PHI,2024,REG,14,2024-12-08,Sunday,13:00,CAR,16,PHI,22,Home,6,38,0,2024120803,59707,,202412080phi,,401671713,6648.0,7,7,625,-950,14.0,-112,-108,44.5,-112,-108,0,outdoors,grass,55.0,16.0,00-0027973,00-0036389,Andy Dalton,Jalen Hurts,Dave Canales,Nick Sirianni,Carl Cheffers,PHI00,Lincoln Financial Field
2024_14_CLE_PIT,2024,REG,14,2024-12-08,Sunday,13:00,CLE,14,PIT,27,Home,13,41,0,2024120804,59708,,202412080pit,,401671631,6649.0,6,7,210,-258,6.0,-112,-108,43.0,-110,-110,1,outdoors,grass,49.0,12.0,00-0031503,00-0029263,Jameis Winston,Russell Wilson,Kevin Stefanski,Mike Tomlin,Land Clark,PIT00,Acrisure Stadium
2024_14_LV_TB,2024,REG,14,2024-12-08,Sunday,13:00,LV,13,TB,28,Home,15,41,0,2024120805,59709,,202412080tam,,401671654,6650.0,9,7,260,-325,7.0,-115,-105,47.0,-112,-108,0,outdoors,grass,71.0,4.0,00-0035289,00-0034855,Gardner Minshew,Baker Mayfield,Antonio Pierce,Todd Bowles,Alan Eck,TAM00,Raymond James Stadium
2024_14_JAX_TEN,2024,REG,14,2024-12-08,Sunday,13:00,JAX,10,TEN,6,Home,-4,16,0,2024120806,59710,,202412080oti,,401671821,6651.0,7,7,142,-170,3.0,-105,-115,40.0,-108,-112,1,outdoors,grass,53.0,9.0,00-0036972,00-0034771,Mac Jones,Mason Rudolph,Doug Pederson,Brian Callahan,Tra Blake,NAS00,Nissan Stadium
2024_14_SEA_ARI,2024,REG,14,2024-12-08,Sunday,16:05,SEA,30,ARI,18,Home,-12,48,0,2024120807,59711,,202412080crd,,401671660,6652.0,7,7,145,-175,3.0,-105,-115,45.5,-110,-110,1,closed,grass,,,00-0030565,00-0035228,Geno Smith,Kyler Murray,Mike Macdonald,Jonathan Gannon,Clay Martin,PHO00,State Farm Stadium
2024_14_BUF_LA,2024,REG,14,2024-12-08,Sunday,16:25,BUF,42,LA,44,Home,2,86,0,2024120808,59712,,202412080ram,,401671773,6653.0,7,7,-192,160,-3.5,-118,-102,49.5,-108,-112,0,dome,matrixturf,,,00-0034857,00-0026498,Josh Allen,Matthew Stafford,Sean McDermott,Sean McVay,Craig Wrolstad,LAX01,SoFi Stadium
2024_14_CHI_SF,2024,REG,14,2024-12-08,Sunday,16:25,CHI,13,SF,38,Home,25,51,0,2024120809,59713,,202412080sfo,,401671774,6654.0,10,7,136,-162,3.0,-110,-110,43.5,-108,-112,0,outdoors,grass,65.0,4.0,00-0039918,00-0037834,Caleb Williams,Brock Purdy,Matt Eberflus,Kyle Shanahan,Ron Torbert,SFO01,Levi's Stadium
2024_14_LAC_KC,2024,REG,14,2024-12-08,Sunday,20:20,LAC,17,KC,19,Home,2,36,0,2024120810,59714,,202412080kan,,401671788,6655.0,7,9,195,-238,5.0,-115,-105,43.5,-110,-110,1,outdoors,grass,50.0,10.0,00-0036355,00-0033873,Justin Herbert,Patrick Mahomes,Jim Harbaugh,Andy Reid,Bill Vinovich,KAN00,GEHA Field at Arrowhead Stadium
2024_14_CIN_DAL,2024,REG,14,2024-12-09,Monday,20:15,CIN,27,DAL,20,Home,-7,47,0,2024120900,59715,,202412090dal,,401671690,6656.0,8,11,-230,190,-5.0,-110,-110,51.0,-112,-108,0,closed,matrixturf,,,00-0036442,00-0033662,Joe Burrow,Cooper Rush,Zac Taylor,Mike McCarthy,Scott Novak,DAL00,AT&T Stadium
2024_15_LA_SF,2024,REG,15,2024-12-12,Thursday,20:15,LA,12,SF,6,Home,-6,18,0,2024121200,59716,,202412120sfo,,401671818,6657.0,4,4,130,-155,3.0,-118,-102,48.5,-110,-110,1,outdoors,grass,53.0,4.0,00-0026498,00-0037834,Matthew Stafford,Brock Purdy,Sean McVay,Kyle Shanahan,Clay Martin,SFO01,Levi's Stadium
2024_15_DAL_CAR,2024,REG,15,2024-12-15,Sunday,13:00,DAL,30,CAR,14,Home,-16,44,0,2024121500,59717,,202412150car,,401671731,6658.0,6,7,120,-142,2.5,100,-120,42.0,-112,-108,0,outdoors,grass,45.0,7.0,00-0033662,00-0039150,Cooper Rush,Bryce Young,Mike McCarthy,Dave Canales,Bill Vinovich,CAR00,Bank of America Stadium
2024_15_KC_CLE,2024,REG,15,2024-12-15,Sunday,13:00,KC,21,CLE,7,Home,-14,28,0,2024121501,59718,,202412150cle,,401671854,6659.0,7,7,-230,190,-4.5,-110,-110,41.5,-112,-108,0,outdoors,grass,40.0,18.0,00-0033873,00-0031503,Patrick Mahomes,Jameis Winston,Andy Reid,Kevin Stefanski,Tra Blake,CLE00,FirstEnergy Stadium
2024_15_MIA_HOU,2024,REG,15,2024-12-15,Sunday,13:00,MIA,12,HOU,20,Home,8,32,0,2024121502,59719,,202412150htx,,401671860,6660.0,7,14,130,-155,2.5,-105,-115,46.5,-112,-108,0,closed,astroturf,,,00-0036212,00-0039163,Tua Tagovailoa,C.J. Stroud,Mike McDaniel,DeMeco Ryans,Alex Kemp,HOU00,NRG Stadium
2024_15_NYJ_JAX,2024,REG,15,2024-12-15,Sunday,13:00,NYJ,32,JAX,25,Home,-7,57,0,2024121503,59720,,202412150jax,,401671706,6661.0,7,7,-175,145,-3.5,-102,-118,41.5,-112,-108,0,outdoors,grass,,,00-0023459,00-0036972,Aaron Rodgers,Mac Jones,Robert Saleh,Doug Pederson,Brad Rogers,JAX00,TIAA Bank Stadium
2024_15_WAS_NO,2024,REG,15,2024-12-15,Sunday,13:00,WAS,20,NO,19,Home,-1,39,0,2024121504,59721,,202412150nor,,401671737,6662.0,14,7,-375,295,-7.5,-112,-108,44.5,-108,-112,0,dome,sportturf,,,00-0039910,00-0038998,Jayden Daniels,Jake Haener,Dan Quinn,Dennis Allen,Shawn Hochuli,NOR00,Mercedes-Benz Superdome
2024_15_BAL_NYG,2024,REG,15,2024-12-15,Sunday,13:00,BAL,35,NYG,14,Home,-21,49,0,2024121505,59722,,202412150nyg,,401671639,6663.0,14,7,-1800,1000,-16.5,-112,-108,43.5,-112,-108,0,outdoors,fieldturf,36.0,6.0,00-0034796,00-0038476,Lamar Jackson,Tommy DeVito,John Harbaugh,Brian Daboll,Brad Allen,NYC01,MetLife Stadium
2024_15_CIN_TEN,2024,REG,15,2024-12-15,Sunday,13:00,CIN,37,TEN,27,Home,-10,64,0,2024121506,59723,,202412150oti,,401671825,6664.0,6,7,-250,205,-6.0,-110,-110,46.5,-112,-108,0,outdoors,grass,52.0,12.0,00-0036442,00-0039152,Joe Burrow,Will Levis,Zac Taylor,Brian Callahan,Craig Wrolstad,NAS00,Nissan Stadium
2024_15_NE_ARI,2024,REG,15,2024-12-15,Sunday,16:25,NE,17,ARI,30,Home,13,47,0,2024121507,59724,,202412150crd,,401671677,6665.0,14,7,210,-258,6.0,-108,-112,46.5,-110,-110,0,closed,grass,,,00-0039851,00-0035228,Drake Maye,Kyler Murray,Jerod Mayo,Jonathan Gannon,Ron Torbert,PHO00,State Farm Stadium
2024_15_IND_DEN,2024,REG,15,2024-12-15,Sunday,16:25,IND,13,DEN,31,Home,18,44,0,2024121508,59725,,202412150den,,401671669,6666.0,14,13,195,-238,4.5,-105,-115,43.5,-108,-112,0,outdoors,grass,55.0,15.0,00-0039164,00-0039732,Anthony Richardson,Bo Nix,Shane Steichen,Sean Payton,Carl Cheffers,DEN00,Empower Field at Mile High
2024_15_BUF_DET,2024,REG,15,2024-12-15,Sunday,16:25,BUF,48,DET,42,Home,-6,90,0,2024121509,59726,,202412150det,,401671681,6667.0,7,10,110,-130,2.5,-110,-110,55.5,-110,-110,0,dome,fieldturf,,,00-0034857,00-0033106,Josh Allen,Jared Goff,Sean McDermott,Dan Campbell,Adrian Hill,DET00,Ford Field
2024_15_TB_LAC,2024,REG,15,2024-12-15,Sunday,16:25,TB,40,LAC,17,Home,-23,57,0,2024121510,59727,,202412150sdg,,401671762,6668.0,7,7,136,-162,3.0,-105,-115,46.0,-108,-112,0,dome,matrixturf,,,00-0034855,00-0036355,Baker Mayfield,Justin Herbert,Todd Bowles,Jim Harbaugh,Scott Novak,LAX01,SoFi Stadium
2024_15_PIT_PHI,2024,REG,15,2024-12-15,Sunday,16:25,PIT,13,PHI,27,Home,14,40,0,2024121511,59728,,202412150phi,,401671766,6669.0,7,7,215,-265,5.5,-110,-110,43.0,-110,-110,0,outdoors,grass,37.0,5.0,00-0029263,00-0036389,Russell Wilson,Jalen Hurts,Mike Tomlin,Nick Sirianni,Alan Eck,PHI00,Lincoln Financial Field
2024_15_GB_SEA,2024,REG,15,2024-12-15,Sunday,20:20,GB,30,SEA,13,Home,-17,43,0,2024121512,59729,,202412150sea,,401671796,6670.0,10,7,-162,136,-3.0,-110,-110,48.0,-110,-110,0,outdoors,fieldturf,43.0,3.0,00-0036264,00-0030565,Jordan Love,Geno Smith,Matt LaFleur,Mike Macdonald,Clete Blakeman,SEA00,Lumen Field
2024_15_CHI_MIN,2024,REG,15,2024-12-16,Monday,20:00,CHI,12,MIN,30,Home,18,42,0,2024121600,59730,,202412160min,,401671489,6671.0,8,8,260,-325,7.0,-115,-105,43.5,-110,-110,1,dome,sportturf,,,00-0039918,00-0034869,Caleb Williams,Sam Darnold,Matt Eberflus,Kevin O'Connell,John Hussey,MIN01,U.S. Bank Stadium
2024_15_ATL_LV,2024,REG,15,2024-12-16,Monday,20:30,ATL,15,LV,9,Home,-6,24,0,2024121601,59731,,202412160rai,,401671697,6672.0,8,8,-345,275,-6.5,-110,-110,44.5,-110,-110,0,dome,grass,,,00-0029604,00-0038579,Kirk Cousins,Aidan O'Connell,Raheem Morris,Antonio Pierce,Shawn Smith,VEG00,Allegiant Stadium
2024_16_DEN_LAC,2024,REG,16,2024-12-19,Thursday,20:15,DEN,27,LAC,34,Home,7,61,0,2024121901,59742,,202412190sdg,,401671749,6683.0,4,4,124,-148,3.0,-120,100,41.5,-110,-110,1,dome,matrixturf,,,00-0039732,00-0036355,Bo Nix,Justin Herbert,Sean Payton,Jim Harbaugh,Clay Martin,LAX01,SoFi Stadium
2024_16_HOU_KC,2024,REG,16,2024-12-21,Saturday,13:00,HOU,19,KC,27,Home,8,46,0,2024122100,59733,,202412210kan,,401671780,6674.0,6,6,150,-180,3.5,-120,100,42.5,-108,-112,0,outdoors,grass,30.0,5.0,00-0039163,00-0033873,C.J. Stroud,Patrick Mahomes,DeMeco Ryans,Andy Reid,Carl Cheffers,KAN00,GEHA Field at Arrowhead Stadium
2024_16_PIT_BAL,2024,REG,16,2024-12-21,Saturday,16:30,PIT,17,BAL,34,Home,17,51,0,2024122101,59734,,202412210rav,,401671778,6675.0,6,6,275,-345,7.0,-115,-105,44.5,-112,-108,1,outdoors,grass,35.0,15.0,00-0029263,00-0034796,Russell Wilson,Lamar Jackson,Mike Tomlin,John Harbaugh,Bill Vinovich,BAL00,M&T Bank Stadium
2024_16_NYG_ATL,2024,REG,16,2024-12-22,Sunday,13:00,NYG,7,ATL,34,Home,27,41,0,2024122202,59735,,202412220atl,,401671729,6676.0,7,6,410,-550,9.5,-110,-110,42.5,-110,-110,0,closed,fieldturf,,,00-0038476,00-0039917,Tommy DeVito,Michael Penix Jr.,Brian Daboll,Raheem Morris,Tra Blake,ATL97,Mercedes-Benz Stadium
2024_16_ARI_CAR,2024,REG,16,2024-12-22,Sunday,13:00,ARI,30,CAR,36,Home,6,66,1,2024122204,59737,,202412220car,,401671732,6678.0,7,7,-245,200,-5.5,-110,-110,47.0,-110,-110,0,outdoors,grass,37.0,10.0,00-0035228,00-0039150,Kyler Murray,Bryce Young,Jonathan Gannon,Dave Canales,Adrian Hill,CAR00,Bank of America Stadium
2024_16_DET_CHI,2024,REG,16,2024-12-22,Sunday,13:00,DET,34,CHI,17,Home,-17,51,0,2024122205,59738,,202412220chi,,401671868,6679.0,7,6,-340,270,-7.0,-110,-110,47.5,-110,-110,1,outdoors,grass,29.0,7.0,00-0033106,00-0039918,Jared Goff,Caleb Williams,Dan Campbell,Matt Eberflus,Clete Blakeman,CHI98,Soldier Field
2024_16_CLE_CIN,2024,REG,16,2024-12-22,Sunday,13:00,CLE,6,CIN,24,Home,18,30,0,2024122214,59732,,202412220cin,,401671811,6673.0,7,7,425,-575,10.0,-108,-112,46.5,-112,-108,1,outdoors,fieldturf,33.0,6.0,00-0031503,00-0036442,Jameis Winston,Joe Burrow,Kevin Stefanski,Zac Taylor,Brad Rogers,CIN00,Paycor Stadium
2024_16_TEN_IND,2024,REG,16,2024-12-22,Sunday,13:00,TEN,30,IND,38,Home,8,68,0,2024122206,59739,,202412220clt,,401671862,6680.0,7,7,164,-198,4.0,-112,-108,42.5,-108,-112,1,closed,fieldturf,,,00-0034771,00-0026158,Mason Rudolph,Joe Flacco,Brian Callahan,Shane Steichen,John Hussey,IND00,Lucas Oil Stadium
2024_16_LA_NYJ,2024,REG,16,2024-12-22,Sunday,13:00,LA,19,NYJ,9,Home,-10,28,0,2024122207,59740,,202412220nyj,,401671621,6681.0,10,7,-162,136,-3.0,-105,-115,47.0,-110,-110,0,outdoors,fieldturf,23.0,8.0,00-0026498,00-0023459,Matthew Stafford,Aaron Rodgers,Sean McVay,Robert Saleh,Ron Torbert,NYC01,MetLife Stadium
2024_16_PHI_WAS,2024,REG,16,2024-12-22,Sunday,13:00,PHI,33,WAS,36,Home,3,69,0,2024122208,59741,,202412220was,,401671717,6682.0,7,7,-218,180,-4.0,-115,-105,47.0,-110,-110,1,outdoors,grass,32.0,8.0,00-0036389,00-0039910,Jalen Hurts,Jayden Daniels,Nick Sirianni,Dan Quinn,Shawn Smith,WAS00,FedExField
2024_16_MIN_SEA,2024,REG,16,2024-12-22,Sunday,16:05,MIN,27,SEA,24,Home,-3,51,0,2024122210,59743,,202412220sea,,401671759,6684.0,6,7,-148,124,-2.5,-115,-105,43.0,-115,-105,0,outdoors,fieldturf,48.0,5.0,00-0034869,00-0030565,Sam Darnold,Geno Smith,Kevin O'Connell,Mike Macdonald,Craig Wrolstad,SEA00,Lumen Field
2024_16_NE_BUF,2024,REG,16,2024-12-22,Sunday,16:25,NE,21,BUF,24,Home,3,45,0,2024122203,59736,,202412220buf,,401671494,6677.0,7,7,700,-1100,14.0,-110,-110,48.0,-110,-110,1,outdoors,a_turf,14.0,2.0,00-0039851,00-0034857,Drake Maye,Josh Allen,Jerod Mayo,Sean McDermott,Brad Allen,BUF00,New Era Field
2024_16_JAX_LV,2024,REG,16,2024-12-22,Sunday,16:25,JAX,14,LV,19,Home,5,33,0,2024122211,59744,,202412220rai,,401671673,6685.0,7,6,110,-130,2.5,-110,-110,41.5,-112,-108,0,dome,grass,,,00-0036972,00-0038579,Mac Jones,Aidan O'Connell,Doug Pederson,Antonio Pierce,Shawn Hochuli,VEG00,Allegiant Stadium
2024_16_SF_MIA,2024,REG,16,2024-12-22,Sunday,16:25,SF,17,MIA,29,Home,12,46,0,2024122212,59745,,202412220mia,,401671874,6686.0,10,7,-125,105,-2.0,-108,-112,44.0,-108,-112,0,outdoors,grass,73.0,12.0,00-0037834,00-0036212,Brock Purdy,Tua Tagovailoa,Kyle Shanahan,Mike McDaniel,Scott Novak,MIA00,Hard Rock Stadium
2024_16_TB_DAL,2024,REG,16,2024-12-22,Sunday,20:20,TB,24,DAL,26,Home,2,50,0,2024122213,59746,,202412220dal,,401671790,6687.0,7,7,-218,180,-4.5,-105,-115,47.5,-110,-110,0,closed,matrixturf,,,00-0034855,00-0033662,Baker Mayfield,Cooper Rush,Todd Bowles,Mike McCarthy,Land Clark,DAL00,AT&T Stadium
2024_16_NO_GB,2024,REG,16,2024-12-23,Monday,20:15,NO,0,GB,34,Home,34,34,0,2024122300,59747,,202412230gnb,,401671692,6688.0,8,8,625,-950,14.0,-105,-115,44.0,-110,-110,0,outdoors,grass,34.0,12.0,00-0038998,00-0036264,Jake Haener,Jordan Love,Dennis Allen,Matt LaFleur,Alex Kemp,GNB00,Lambeau Field
2024_17_KC_PIT,2024,REG,17,2024-12-25,Wednesday,13:00,KC,29,PIT,10,Home,-19,39,0,2024122500,59748,,202412250pit,,401671799,6689.0,4,4,-162,136,-3.0,-105,-115,43.5,-110,-110,0,outdoors,grass,39.0,2.0,00-0033873,00-0029263,Patrick Mahomes,Russell Wilson,Andy Reid,Mike Tomlin,Craig Wrolstad,PIT00,Acrisure Stadium
2024_17_BAL_HOU,2024,REG,17,2024-12-25,Wednesday,16:30,BAL,31,HOU,2,Home,-29,33,0,2024122501,59749,,202412250htx,,401671800,6690.0,4,4,-245,200,-5.5,-108,-112,46.5,-112,-108,0,closed,astroturf,,,00-0034796,00-0039163,Lamar Jackson,C.J. Stroud,John Harbaugh,DeMeco Ryans,Alan Eck,HOU00,NRG Stadium
2024_17_SEA_CHI,2024,REG,17,2024-12-26,Thursday,20:15,SEA,6,CHI,3,Home,-3,9,0,2024122600,59750,,202412260chi,,401671876,6691.0,4,4,-192,160,-3.5,-118,-102,43.5,-112,-108,0,outdoors,grass,47.0,5.0,00-0030565,00-0039918,Geno Smith,Caleb Williams,Mike Macdonald,Matt Eberflus,Scott Novak,CHI98,Soldier Field
2024_17_LAC_NE,2024,REG,17,2024-12-28,Saturday,13:00,LAC,40,NE,7,Home,-33,47,0,2024122800,59753,,202412280nwe,,401671832,6694.0,9,6,-305,245,-6.0,-118,-102,42.0,-108,-112,0,outdoors,fieldturf,40.0,4.0,00-0036355,00-0039851,Justin Herbert,Drake Maye,Jim Harbaugh,Jerod Mayo,John Hussey,BOS00,Gillette Stadium
2024_17_DEN_CIN,2024,REG,17,2024-12-28,Saturday,16:30,DEN,24,CIN,30,Home,6,54,1,2024122801,59751,,202412280cin,,401671835,6692.0,9,6,145,-175,3.5,-115,-105,50.5,-110,-110,0,outdoors,fieldturf,60.0,8.0,00-0039732,00-0036442,Bo Nix,Joe Burrow,Sean Payton,Zac Taylor,Adrian Hill,CIN00,Paycor Stadium
2024_17_ARI_LA,2024,REG,17,2024-12-28,Saturday,20:15,ARI,9,LA,13,Home,4,22,0,2024122802,59752,,202412280ram,,401671829,6693.0,6,6,270,-340,6.5,100,-120,48.0,-112,-108,1,dome,matrixturf,,,00-0035228,00-0026498,Kyler Murray,Matthew Stafford,Jonathan Gannon,Sean McVay,Brad Rogers,LAX01,SoFi Stadium
2024_17_NYJ_BUF,2024,REG,17,2024-12-29,Sunday,13:00,NYJ,14,BUF,40,Home,26,54,0,2024122905,59756,,202412290buf,,401671495,6697.0,7,7,390,-520,10.0,-105,-115,44.5,-112,-108,1,outdoors,a_turf,54.0,15.0,00-0023459,00-0034857,Aaron Rodgers,Josh Allen,Robert Saleh,Sean McDermott,Clete Blakeman,BUF00,New Era Field
2024_17_TEN_JAX,2024,REG,17,2024-12-29,Sunday,13:00,TEN,13,JAX,20,Home,7,33,0,2024122906,59757,,202412290jax,,401671634,6698.0,7,7,-108,-112,-1.0,-105,-115,38.0,-110,-110,1,outdoors,grass,72.0,16.0,00-0034771,00-0036972,Mason Rudolph,Mac Jones,Brian Callahan,Doug Pederson,Shawn Smith,JAX00,TIAA Bank Stadium
2024_17_LV_NO,2024,REG,17,2024-12-29,Sunday,13:00,LV,25,NO,10,Home,-15,35,0,2024122908,59759,,202412290nor,,401671738,6700.0,7,6,-125,105,-2.0,-110,-110,37.5,-112,-108,0,dome,sportturf,,,00-0038579,00-0038998,Aidan O'Connell,Jake Haener,Antonio Pierce,Dennis Allen,Land Clark,NOR00,Mercedes-Benz Superdome
2024_17_IND_NYG,2024,REG,17,2024-12-29,Sunday,13:00,IND,33,NYG,45,Home,12,78,0,2024122903,59754,,202412290nyg,,401671846,6695.0,7,7,-410,320,-7.5,-112,-108,40.5,-112,-108,0,outdoors,fieldturf,54.0,0.0,00-0026158,00-0038476,Joe Flacco,Tommy DeVito,Shane Steichen,Brian Daboll,Bill Vinovich,NYC01,MetLife Stadium
2024_17_DAL_PHI,2024,REG,17,2024-12-29,Sunday,13:00,DAL,7,PHI,41,Home,34,48,0,2024122910,59761,,202412290phi,,401671765,6702.0,7,7,260,-325,7.5,-112,-108,37.5,-108,-112,1,outdoors,grass,62.0,10.0,00-0033662,00-0036389,Cooper Rush,Jalen Hurts,Mike McCarthy,Nick Sirianni,Brad Allen,PHI00,Lincoln Financial Field
2024_17_CAR_TB,2024,REG,17,2024-12-29,Sunday,13:00,CAR,14,TB,48,Home,34,62,0,2024122909,59760,,202412290tam,,401671653,6701.0,7,7,380,-500,9.5,-105,-115,47.5,-108,-112,1,outdoors,grass,76.0,8.0,00-0039150,00-0034855,Bryce Young,Baker Mayfield,Dave Canales,Todd Bowles,Clay Martin,TAM00,Raymond James Stadium
2024_17_MIA_CLE,2024,REG,17,2024-12-29,Sunday,16:05,MIA,20,CLE,3,Home,-17,23,0,2024122911,59762,,202412290cle,,401671877,6703.0,7,7,-170,142,-3.0,-115,-105,32.5,-112,-108,0,outdoors,grass,54.0,15.0,00-0035993,00-0031503,Tyler Huntley,Jameis Winston,Mike McDaniel,Kevin Stefanski,Ron Torbert,CLE00,FirstEnergy Stadium
2024_17_GB_MIN,2024,REG,17,2024-12-29,Sunday,16:25,GB,25,MIN,27,Home,2,52,0,2024122907,59758,,202412290min,,401671725,6699.0,6,7,-112,-108,-1.0,-105,-115,49.0,-110,-110,1,dome,sportturf,,,00-0036264,00-0034869,Jordan Love,Sam Darnold,Matt LaFleur,Kevin O'Connell,Carl Cheffers,MIN01,U.S. Bank Stadium
2024_17_ATL_WAS,2024,REG,17,2024-12-29,Sunday,20:20,ATL,24,WAS,30,Home,6,54,1,2024122904,59755,,202412290was,,401671842,6696.0,7,7,160,-192,3.5,-115,-105,46.5,-110,-110,0,outdoors,grass,58.0,10.0,00-0039917,00-0039910,Michael Penix Jr.,Jayden Daniels,Raheem Morris,Dan Quinn,Alex Kemp,WAS00,FedExField
2024_17_DET_SF,2024,REG,17,2024-12-30,Monday,20:15,DET,40,SF,34,Home,-6,74,0,2024123000,59763,,202412300sfo,,401671698,6704.0,8,8,-230,190,-4.0,-112,-108,50.5,-110,-110,0,outdoors,grass,,,00-0033106,00-0037834,Jared Goff,Brock Purdy,Dan Campbell,Kyle Shanahan,Shawn Hochuli,SFO01,Levi's Stadium
2024_18_CLE_BAL,2024,REG,18,2025-01-04,Saturday,16:30,CLE,10,BAL,35,Home,25,45,0,2025010400,59766,,202501040rav,,401671834,6707.0,6,10,1200,-2400,19.5,-105,-115,42.5,-108,-112,1,outdoors,grass,31.0,16.0,00-0038108,00-0034796,Bailey Zappe,Lamar Jackson,Kevin Stefanski,John Harbaugh,Scott Novak,BAL00,M&T Bank Stadium
2024_18_CIN_PIT,2024,REG,18,2025-01-04,Saturday,20:00,CIN,19,PIT,17,Home,-2,36,0,2025010401,59777,,202501040pit,,401671836,6718.0,7,10,-148,124,-2.5,-118,-102,48.5,-112,-108,1,outdoors,grass,19.0,10.0,00-0036442,00-0029263,Joe Burrow,Russell Wilson,Zac Taylor,Mike Tomlin,John Hussey,PIT00,Acrisure Stadium
2024_18_CAR_ATL,2024,REG,18,2025-01-05,Sunday,13:00,CAR,44,ATL,38,Home,-6,82,1,2025010501,59765,,202501050atl,,401671827,6706.0,7,7,300,-380,7.5,-105,-115,48.5,-108,-112,1,closed,fieldturf,,,00-0039150,00-0039917,Bryce Young,Michael Penix Jr.,Dave Canales,Raheem Morris,Land Clark,ATL97,Mercedes-Benz Stadium
2024_18_WAS_DAL,2024,REG,18,2025-01-05,Sunday,13:00,WAS,23,DAL,19,Home,-4,42,0,2025010503,59767,,202501050dal,,401671840,6708.0,7,7,-310,250,-7.0,-108,-112,43.5,-118,-102,1,closed,matrixturf,,,00-0039910,00-0037012,Jayden Daniels,Trey Lance,Dan Quinn,Mike McCarthy,Clete Blakeman,DAL00,AT&T Stadium
2024_18_CHI_GB,2024,REG,18,2025-01-05,Sunday,13:00,CHI,24,GB,22,Home,-2,46,0,2025010506,59770,,202501050gnb,,401671844,6711.0,10,7,320,-410,10.0,-115,-105,41.5,-108,-112,1,outdoors,grass,16.0,13.0,00-0039918,00-0036264,Caleb Williams,Jordan Love,Matt Eberflus,Matt LaFleur,Clay Martin,GNB00,Lambeau Field
2024_18_JAX_IND,2024,REG,18,2025-01-05,Sunday,13:00,JAX,23,IND,26,Home,3,49,1,2025010507,59771,,202501050clt,,401671837,6712.0,7,7,150,-180,3.5,-110,-110,45.5,-105,-110,1,closed,fieldturf,,,00-0036972,00-0026158,Mac Jones,Joe Flacco,Doug Pederson,Shane Steichen,Alex Kemp,IND00,Lucas Oil Stadium
2024_18_BUF_NE,2024,REG,18,2025-01-05,Sunday,13:00,BUF,16,NE,23,Home,7,39,0,2025010510,59774,,202501050nwe,,401671831,6715.0,7,8,-166,140,-3.0,-112,-108,36.5,-108,-112,1,outdoors,fieldturf,33.0,14.0,00-0033869,00-0039398,Mitchell Trubisky,Joe Milton III,Sean McDermott,Jerod Mayo,Alan Eck,BOS00,Gillette Stadium
2024_18_NYG_PHI,2024,REG,18,2025-01-05,Sunday,13:00,NYG,13,PHI,20,Home,7,33,0,2025010512,59776,,202501050phi,,401671841,6717.0,7,7,130,-155,3.0,-110,-110,36.5,-118,-102,1,outdoors,grass,31.0,19.0,00-0035704,00-0038400,Drew Lock,Tanner McKee,Brian Daboll,Nick Sirianni,Ron Torbert,PHI00,Lincoln Financial Field
2024_18_NO_TB,2024,REG,18,2025-01-05,Sunday,13:00,NO,19,TB,27,Home,8,46,0,2025010514,59778,,202501050tam,,401671828,6719.0,7,7,675,-1050,14.5,-102,-118,44.5,-112,-108,1,outdoors,grass,68.0,6.0,00-0039376,00-0034855,Spencer Rattler,Baker Mayfield,Dennis Allen,Todd Bowles,Adrian Hill,TAM00,Raymond James Stadium
2024_18_HOU_TEN,2024,REG,18,2025-01-05,Sunday,13:00,HOU,23,TEN,14,Home,-9,37,0,2025010515,59779,,202501050oti,,401671826,6720.0,11,7,120,-142,2.5,-108,-112,36.5,-108,-112,1,outdoors,grass,35.0,10.0,00-0036898,00-0034771,Davis Mills,Mason Rudolph,DeMeco Ryans,Brian Callahan,Brad Allen,NAS00,Nissan Stadium
2024_18_SF_ARI,2024,REG,18,2025-01-05,Sunday,16:25,SF,24,ARI,47,Home,23,71,0,2025010500,59764,,202501050crd,,401671845,6705.0,6,8,160,-192,4.5,-110,-110,42.5,-110,-110,1,closed,grass,,,00-0033949,00-0035228,Joshua Dobbs,Kyler Murray,Kyle Shanahan,Jonathan Gannon,Shawn Smith,PHO00,State Farm Stadium
2024_18_KC_DEN,2024,REG,18,2025-01-05,Sunday,16:25,KC,0,DEN,38,Home,38,38,0,2025010504,59768,,202501050den,,401671838,6709.0,11,8,370,-485,10.5,-115,-105,40.5,-115,-105,1,outdoors,grass,28.0,5.0,00-0032950,00-0039732,Carson Wentz,Bo Nix,Andy Reid,Sean Payton,Shawn Hochuli,DEN00,Empower Field at Mile High
2024_18_SEA_LA,2024,REG,18,2025-01-05,Sunday,16:25,SEA,30,LA,25,Home,-5,55,0,2025010508,59772,,202501050ram,,401671830,6713.0,10,8,-360,285,-7.5,-110,-110,38.5,-112,-108,1,dome,matrixturf,,,00-0030565,00-0031345,Geno Smith,Jimmy Garoppolo,Mike Macdonald,Sean McVay,Bill Vinovich,LAX01,SoFi Stadium
2024_18_LAC_LV,2024,REG,18,2025-01-05,Sunday,16:25,LAC,34,LV,20,Home,-14,54,0,2025010509,59773,,202501050rai,,401671839,6714.0,8,7,-345,275,-7.0,-118,-102,42.5,-112,-108,1,dome,grass,,,00-0036355,00-0038579,Justin Herbert,Aidan O'Connell,Jim Harbaugh,Antonio Pierce,Carl Cheffers,VEG00,Allegiant Stadium
2024_18_MIA_NYJ,2024,REG,18,2025-01-05,Sunday,16:25,MIA,20,NYJ,32,Home,12,52,0,2025010511,59775,,202501050nyj,,401671833,6716.0,7,7,102,-122,1.5,-110,-110,39.5,-112,-108,1,outdoors,fieldturf,34.0,10.0,00-0036212,00-0023459,Tua Tagovailoa,Aaron Rodgers,Mike McDaniel,Robert Saleh,Tra Blake,NYC01,MetLife Stadium
2024_18_MIN_DET,2024,REG,18,2025-01-05,Sunday,20:20,MIN,9,DET,31,Home,22,40,0,2025010505,59769,,202501050det,,401671843,6710.0,7,6,124,-148,3.0,-118,-102,56.5,-102,-118,1,dome,fieldturf,,,00-0034869,00-0033106,Sam Darnold,Jared Goff,Kevin O'Connell,Dan Campbell,Brad Rogers,DET00,Ford Field
